Workbook

Sheet คำขอปึ70
B1: =(18990)*105% -> 19939.5 | C1: =80000/6 -> 13333.333 | D1: สรุปรายละเอียดคำขอตั้งงบประมาณของฝ่ายรักษาความปลอดภัย ประจำปี 2570 - สิ้นสุด
D3: รหัสงบฯ | E3: File ประกอบ | F3: ชื่องบประมาณ/ชื่อบัญชี | H3: คำนิยาม | L3: งบปี 2569 | O3: คำขอปี 2570 ( เพิ่มขึ้น / ลดลง ) | T3: คำขอปี 2571 - สิ้นสุดแผนงาน
L4: งบที่ได้ปี 69 +จัดสรรระหว่างปี | M4: ใช้ไป ณ 31 ก.ค. 69 | N4: %ใช้ไป ปี 2569 | O4: งบปี 2570 | P4: เทียบกับ ปี 2569 | Q4: % เทียบกับ ปี 2569 | R4: เปลี่ยนแปลง | S4: เหตุผล | T4: หน่วย | U4: จำนวนเงิน
D5: 1. หมวดค่าใช้จ่าย | L5: =SUM(L6,L9:L14,L20,L23,L27:L31,L36:L39) -> 79578400 | M5: =SUM(M6,M9:M14,M20,M23,M27:M31,M36:M39) -> 36603717 | N5: =IFERROR(M5/L5,1) -> 0.45997051 | O5: =SUM(O6,O9:O14,O20,O23,O27:O31,O36:O39) -> 83730954 | P5: =O5-L5 -> 4152554.4 | Q5: =IFERROR(O5/L5-1,1) -> 0.052181928 | R5: =IF(O5>L5,"เพิ่มขึ้น",IF(O5<L5,"ลดลง",IF(O5=L5,"--"))) -> เพิ่มขึ้น | S5: เพิ่มจาก ค่าเสื้อผ้าฯ + ค่าจ้างสัญญาใหม่กลุ่ม 1 เริ่ม 1 พ.ค.70 + งบวัสดุเกี่ยวกับระงับเหตุ เป็นสำคัญ | T5: =SUM(T14,T23,T37,T38) -> 12 | U5: =SUM(U6,U9:U14,U20,U23,U27:U31,U36:U39) -> 103563190
D6: -- | F6: 1. ค่าตอบแทนการทำงานนอกเวลา | H6: มี 2 ส่วน ดังนี้ | L6: =SUM(L7:L8) -> 5950000 | M6: =SUM(M7:M8) -> 3752559.2 | N6: =IFERROR(M6/L6,1) -> 0.63068222 | O6: =SUM(O7:O8) -> 7090000 | P6: =O6-L6 -> 1140000 | Q6: =IFERROR(O6/L6-1,1) -> 0.19159664 | R6: =IF(O6>L6,"เพิ่มขึ้น",IF(O6<L6,"ลดลง",IF(O6=L6,"--"))) -> เพิ่มขึ้น | S6: เพิ่มทั้งหมวด OT + ศปภ. เข้าเวร ดังนี้ | T6: - | U6: 0
C7: ok | D7: 5020102000 | E7: A1-1 | G7: 1.1 ค่าล่วงเวลาและค่าตอบแทนการทำงานเกินเวลา | H7: 1.-ฝรภ.ปฏิบัติงานแทน OS หยุดงาน+เกิดเหตุไม่ปกติ -ศสป. ศอก. สนับสนุนงาน ศปภ. วันหยุด+นอกเวลางาน -ฝรภ. ปฏิบัติงานเร่งด่วน วันหยุด+นอกเวลางาน | L7: ='สรุปใช้งบ 31กค'!H11 -> 310000 | M7: ='สรุปใช้งบ 31กค'!L11 -> 263759.21 | N7: =IFERROR(M7/L7,1) -> 0.85083616 | O7: =[1]คำขอ2570!$F$8 -> 890000 | P7: =O7-L7 -> 580000 | Q7: =IFERROR(O7/L7-1,1) -> 1.8709677 | R7: =IF(O7>L7,"เพิ่มขึ้น",IF(O7<L7,"ลดลง",IF(O7=L7,"--"))) -> เพิ่มขึ้น | S7: 1.-ศปภ. ปรับการปฏิบัติงานให้สอดคล้อง กม.ใหม่ (หารือ ฝกม.แล้ว) -ศอก. ศสป. ตั้งเพิ่มจากเหตุปฏิบัติงานแทน OS เหตุบอกเลิกสัญญาปี 69 และสำรองงานเร่งด่วนนอกเวลา | T7: - | U7: 0
B8: มีปรับตาราง | C8: ok | D8: 5020104000 | E8: A1-2 | G8: 1.2 เงินช่วยเหลือพิเศษ | H8: 2. ค่าเข้าเวร นอกเวลาปกติ/ วันหยุด | L8: ='สรุปใช้งบ 31กค'!H12 -> 5640000 | M8: ='สรุปใช้งบ 31กค'!L12 -> 3488800 | N8: =IFERROR(M8/L8,1) -> 0.61858156 | O8: ='[2]2570new'!$D$21 -> 6200000 | P8: =O8-L8 -> 560000 | Q8: =IFERROR(O8/L8-1,1) -> 0.09929078 | R8: =IF(O8>L8,"เพิ่มขึ้น",IF(O8<L8,"ลดลง",IF(O8=L8,"--"))) -> เพิ่มขึ้น | S8: 2.-อัตรากำลังลดลงจากปีก่อน 108 >> 103 คน -90% เป็น พนง.เก่าจึงต้องปรับฐานเงินเดือนเฉลี่ยเพิ่มอีก 2.5% เพื่อให้พอต่อการใช้จ่ายปี 70 | T8: - | U8: 0
B9: เอกสารแนบ สีแดง สงสัย | D9: 5020305000 | E9: A2 | F9: 2. เงินช่วยเหลืออื่น ๆ (ปฏิบัติงานต่าง สนง.) | H9: 1. ค่าจัดซื้อของเหมาจ่าย (ให้ครั้งเดียว และเมื่อย้าย) 2. บ้านพัก/ค่าเช่าบ้าน @ 8,000/เดือน 3. เงินช่วยเหลือพิเศษ @ 5,500/เดือน | L9: ='สรุปใช้งบ 31กค'!H13 -> 6650000 | M9: ='สรุปใช้งบ 31กค'!$L$13 -> 2100323.9 | N9: =IFERROR(M9/L9,1) -> 0.31583817 | O9: ='[3]1. ต่างสำนักงาน Rate ปี 70'!$F$20 -> 4380000 | P9: =O9-L9 -> -2270000 | Q9: =IFERROR(O9/L9-1,1) -> -0.34135338 | R9: =IF(O9>L9,"เพิ่มขึ้น",IF(O9<L9,"ลดลง",IF(O9=L9,"--"))) -> ลดลง | S9: -อัตรากำลังลดลงจาก 108 >> 103 คน -ปี 70 ศปภ.ครบวงรอบย้ายลดลง | T9: - | U9: 0
B10: รอราคา | D10: 5020304000 | E10: A3-1 | F10: 3.1 ค่าเสื้อผ้าและเครื่องแบบ | H10: แจก ชุดปฏิบัติการ / ชุดพิธีการ (พนง.เก่า 2 ชุด /พนง.ใหม่ 3 ชุด) | L10: ='สรุปใช้งบ 31กค'!H14 -> 457900 | M10: ='สรุปใช้งบ 31กค'!$L$14 -> 443910.8 | N10: =IFERROR(M10/L10,1) -> 0.96944922 | O10: 1204490 | P10: =O10-L10 -> 746590 | Q10: =IFERROR(O10/L10-1,1) -> 1.6304652 | R10: =IF(O10>L10,"เพิ่มขึ้น",IF(O10<L10,"ลดลง",IF(O10=L10,"--"))) -> เพิ่มขึ้น | S10: -เสื้อผ้าปรับราคาเพิ่มขึ้นมากต้องสืบราคาใหม่ -ปีก่อนๆใช้ราคามาตรฐานจาก ฝผง. ตั้งงบ ซึ่งประกาศมาตั้งแต่ปี 66 -ปี 70 จัดหาชุดพิธีการใหม่ในภาพรวมทั้งหมด -พนง.ใหม่ จัดหา 3 ชุด (ชุดพิธีการ 1 ชุด/ชุดปฏิบัติการ 2 ชุด) | T10: - | U10: 0
C11: ok | D11: 5031207000 | E11: A3-2 | F11: 3.2 ค่าเช่าอุปกรณ์ เครื่องมือ เครื่องใช้ (เช่าชุดสูท) | H11: เช่าชุดสูทปฏิบัติหน้าที่ | L11: 0 | M11: 0 | N11: =IFERROR(M11/L11,1) -> 1 | O11: ='[4]ค่าเช่าชุดสูท 70'!$E$9 -> 50000 | P11: =O11-L11 -> 50000 | Q11: =IFERROR(O11/L11-1,1) -> 1 | R11: =IF(O11>L11,"เพิ่มขึ้น",IF(O11<L11,"ลดลง",IF(O11=L11,"--"))) -> เพิ่มขึ้น | S11: ปี 70 เปลี่ยนวิธีจากเดิมตั้งงบค่าเสื้อผ้าเพื่อซื้อ/ตัด >เปลี่ยนเป็น> เช่าสูทเมื่อมีออก event ซึ่งทำให้ช่วยลดต้นทุนให้ธนาคารได้มาก | T11: - | U11: 0
C12: ok | D12: 5020306000 | E12: A4 | F12: 4. คชจ.กิจกรรมส่งเสริมค่านิยมร่วมขององค์กร (สคส.) | H12: อัตรากำลัง @1,000.- ตามที่ ฝยว. กำหนด | L12: ='สรุปใช้งบ 31กค'!H15 -> 165000 | M12: ='สรุปใช้งบ 31กค'!$L$15 -> 26800.35 | N12: =IFERROR(M12/L12,1) -> 0.16242636 | O12: ='[5]2570'!$H$13 -> 145000 | P12: =O12-L12 -> -20000 | Q12: =IFERROR(O12/L12-1,1) -> -0.12121212 | R12: =IF(O12>L12,"เพิ่มขึ้น",IF(O12<L12,"ลดลง",IF(O12=L12,"--"))) -> ลดลง | S12: -อัตรากำลังลดลงจาก 165 >> 145 คน (อัตราที่ประกาศ) | T12: - | U12: 0
C13: ok | D13: 5020402000 | E13: A5 | F13: 5. ค่าฝึกอบรมและพัฒนาพนักงาน | H13: งบฝึกอบรมและค่าใช้จ่ายในการเดินทางไปอบรม | L13: ='สรุปใช้งบ 31กค'!H16 -> 1522500 | M13: ='สรุปใช้งบ 31กค'!$L$16 -> 257470.89 | N13: =IFERROR(M13/L13,1) -> 0.1691106 | O13: ='[6]2570'!$H$14 -> 675000 | P13: =O13-L13 -> -847500 | Q13: =IFERROR(O13/L13-1,1) -> -0.55665025 | R13: =IF(O13>L13,"เพิ่มขึ้น",IF(O13<L13,"ลดลง",IF(O13=L13,"--"))) -> ลดลง | S13: -ปี 70 ตั้งงบตามที่่ ฝยบ.แจ้ง ฝรภ. -ตั้งแต่ปี 69 เป็นต้นมา ฝยบ. แจ้งจำนวนงบให้ส่วนงานตั้ง | T13: - | U13: 0 | W13: ปี 71 | X13: ปี72 | Y13: ปี73
C14: ok | D14: 5031116000 | E14: A6-1 (ปี69) | F14: 6. ค่าจ้างงานรักษาความปลอดภัย | H14: ค่าจ้าง OS 5 พื้นที่ทั้วประเทศ ดังนี้ | L14: =SUM(L15:L19) -> 55490000 | M14: =SUM(M15:M19) -> 25990272 | N14: =IFERROR(M14/L14,1) -> 0.46837757 | O14: =SUM(O15:O19) -> 59880600 | P14: =O14-L14 -> 4390600 | Q14: =IFERROR(O14/L14-1,1) -> 0.079124167 | R14: =IF(O14>L14,"เพิ่มขึ้น",IF(O14<L14,"ลดลง",IF(O14=L14,"--"))) -> เพิ่มขึ้น | S14: ทุกกลุ่ม : ปี 69 ราคากลางสืบใหม่ /ปี 70 ราคาตามสัญญาซึ่งถูกกว่าราคากลาง | T14: 5 | U14: =SUM(U15:U19) -> 101283500 | W14: =SUM(W15:W19) -> 57250300 | X14: =SUM(X15:X19) -> 32895600 | Y14: =SUM(Y15:Y19) -> 11137600
H15: 1. กลุ่ม1-สนญ. | L15: =Dataผลพิปี69!U31 -> 25020000 | M15: ='[7]กลุ่ม 1'!$H$25 -> 13844752 | N15: =IFERROR(M15/L15,1) -> 0.55334742 | O15: ='[8]Template OS-2570 '!$AU$10+'[8]Template OS-2570 '!$AU$11+'[8]Template OS-2570 '!$AU$12 -> 30297600 | P15: =O15-L15 -> 5277600 | Q15: =IFERROR(O15/L15-1,1) -> 0.21093525 | R15: =IF(O15>L15,"เพิ่มขึ้น",IF(O15<L15,"ลดลง",IF(O15=L15,"--"))) -> เพิ่มขึ้น | S15: 1.กลุ่ม 1, 5 เพิ่มเนื่องจาก - กลุ่ม 1 ตั้งแต่ ธ.ค. 69 เพิ่ม 0S ห้องควบคุม 4 คน - กลุ่ม 5 ปี 70 สืบราคาเพื่อจัดซื้อใหม่ หลังบอกเลิกสัญญา สูงกว่าราคาปี 69 | T15: 1 | U15: =W15+X15+Y15 -> 76479500 | W15: ='[8]Template OS-2570 '!$AX$12 -> 32446300 | X15: ='[8]Template OS-2570 '!$BA$12 -> 32895600 | Y15: ='[8]Template OS-2570 '!$BD$12 -> 11137600
H16: 2. กลุ่ม2-สภน./ศชม. | L16: =Dataผลพิปี69!U32 -> 6100000 | M16: =[7]กลุ่ม2!$H$43 -> 3041731.3 | N16: =IFERROR(M16/L16,1) -> 0.49864447 | O16: ='[8]Template OS-2570 '!$AU$14 -> 5243500 | P16: =O16-L16 -> -856500 | Q16: =IFERROR(O16/L16-1,1) -> -0.14040984 | R16: =IF(O16>L16,"เพิ่มขึ้น",IF(O16<L16,"ลดลง",IF(O16=L16,"--"))) -> ลดลง | T16: 1 | U16: =W16+X16+Y16 -> 4373000 | W16: ='[8]Template OS-2570 '!$AX$14 -> 4373000
C17: ok | E17: A6-2 (ปี70) | H17: 3. กลุ่ม3-สภอ. | L17: =Dataผลพิปี69!U33 -> 6170000 | M17: =[9]กลุ่ม3!$H$43 -> 1942537.4 | N17: =IFERROR(M17/L17,1) -> 0.31483588 | O17: ='[8]Template OS-2570 '!$AU$18 -> 5458400 | P17: =O17-L17 -> -711600 | Q17: =IFERROR(O17/L17-1,1) -> -0.11533225 | R17: =IF(O17>L17,"เพิ่มขึ้น",IF(O17<L17,"ลดลง",IF(O17=L17,"--"))) -> ลดลง | T17: 1 | U17: =W17+X17+Y17 -> 4688000 | W17: ='[8]Template OS-2570 '!$AX$18 -> 4688000
H18: 4. กลุ่ม4-สภต./ศหญ. ศพง. | L18: =Dataผลพิปี69!U34 -> 6200000 | M18: =[9]กลุ่ม4!$H$43 -> 3452552.2 | N18: =IFERROR(M18/L18,1) -> 0.55686325 | O18: ='[8]Template OS-2570 '!$AU$20 -> 5949500 | P18: =O18-L18 -> -250500 | Q18: =IFERROR(O18/L18-1,1) -> -0.040403226 | R18: =IF(O18>L18,"เพิ่มขึ้น",IF(O18<L18,"ลดลง",IF(O18=L18,"--"))) -> ลดลง | S18: 2. กลุ่ม 2-4 ลดลงเนื่องจาก -กลุ่ม 2, 4 เป็นราคาราคาตามสัญญาซึ่งถูกกว่าราคากลางปี 69 -กลุ่ม 3 ราคาสัญญาหลัง stop gap สืบใหม่เริ่มสัญญาปี 70 ใช้ราคาสัญญา บ.ขอนแก่น +3% | T18: 1 | U18: =W18+X18+Y18 -> 4961200 | W18: ='[8]Template OS-2570 '!$AX$20 -> 4961200
H19: 5. กลุ่ม5-สอบ. ศรย. | L19: =Dataผลพิปี69!U35 -> 12000000 | M19: =[9]กลุ่ม5!$H$53 -> 3708698.3 | N19: =IFERROR(M19/L19,1) -> 0.30905819 | O19: ='[8]Template OS-2570 '!$AU$24 -> 12931600 | P19: =O19-L19 -> 931600 | Q19: =IFERROR(O19/L19-1,1) -> 0.077633333 | R19: =IF(O19>L19,"เพิ่มขึ้น",IF(O19<L19,"ลดลง",IF(O19=L19,"--"))) -> เพิ่มขึ้น | T19: 1 | U19: =W19+X19+Y19 -> 10781800 | W19: ='[8]Template OS-2570 '!$AX$24 -> 10781800
D20: -- | F20: 7. ค่าจ้าง/ค่าตอบแทน | H20: มี 2 ส่วน ดังนี้ | L20: =SUM(L21:L22) -> 4372900 | M20: =SUM(M21:M22) -> 2170381 | N20: =IFERROR(M20/L20,1) -> 0.49632532 | O20: =SUM(O21:O22) -> 4376900 | P20: =O20-L20 -> 4000 | Q20: =IFERROR(O20/L20-1,1) -> 0.00091472478 | R20: =IF(O20>L20,"เพิ่มขึ้น",IF(O20<L20,"ลดลง",IF(O20=L20,"--"))) -> เพิ่มขึ้น | S20: เพิ่มจากค่าจ้างแรงงานทำของ ดังนี้ | T20: - | U20: 0
B21: เอกสารแนบ สีแดง สงสัย | D21: 5031120000 | E21: A7-1 | G21: 7.1 ค่าจ้างแรงงาน/ทำของ-งานทั่วไป | H21: 1. ค่าซ่อมบัตร RFID และ ค่าตรวจสอบเครื่องอัดอากาศช่วยหายใจในการดับเพลิง | L21: ='สรุปใช้งบ 31กค'!$H$18 -> 31000 | M21: ='สรุปใช้งบ 31กค'!$L$18 -> 24931 | N21: =IFERROR(M21/L21,1) -> 0.80422581 | O21: ='[10]2570'!$C$22 -> 35000 | P21: =O21-L21 -> 4000 | Q21: =IFERROR(O21/L21-1,1) -> 0.12903226 | R21: =IF(O21>L21,"เพิ่มขึ้น",IF(O21<L21,"ลดลง",IF(O21=L21,"--"))) -> เพิ่มขึ้น | S21: ทำของ# 1. ตั้งสำรองกรณีฉุกเฉินเพิ่ม เช่น ราคาปรับตัวเพิ่มมาก มีค่าตรวจสอบใหม่ | T21: - | U21: 0
C22: 0k | D22: 5031143000 | E22: A7-2 | G22: 7.2 ค่าตอบแทนบุคคลภายนอกอื่น ๆ | H22: 2. ตร. ช่วยรักษาการณ์ ศปภ. | L22: ='สรุปใช้งบ 31กค'!$H$19 -> 4341900 | M22: ='สรุปใช้งบ 31กค'!$L$19 -> 2145450 | N22: =IFERROR(M22/L22,1) -> 0.494127 | O22: ='[11]2570'!$T$38 -> 4341900 | P22: =O22-L22 -> 0 | Q22: =IFERROR(O22/L22-1,1) -> 0 | R22: =IF(O22>L22,"เพิ่มขึ้น",IF(O22<L22,"ลดลง",IF(O22=L22,"--"))) -> -- | S22: 2. ตั้งตามอัตราที่บันทึกเลขที่ 5/66 กำหนด | T22: - | U22: 0 | W22: ปี 71 | X22: ปี72
C23: ok | D23: 5031214000 | E23: A8 | F23: 8. ค่าซ่อมแซมและบํารุงรักษา - อุปกรณ์และระบบคอมฯ | H23: มี 3 ส่วน ดังนี้ | L23: =SUM(L24:L26) -> 2414500 | M23: =SUM(M24:M26) -> 1205595.8 | N23: =IFERROR(M23/L23,1) -> 0.49931487 | O23: =SUM(O24:O26) -> 1977164.4 | P23: =O23-L23 -> -437335.62 | Q23: =IFERROR(O23/L23-1,1) -> -0.18112886 | R23: =IF(O23>L23,"เพิ่มขึ้น",IF(O23<L23,"ลดลง",IF(O23=L23,"--"))) -> ลดลง | S23: ลดลงทั้ง 2 สัญญาดังนี้ | T23: =SUM(T24:T26) -> 2 | U23: =SUM(U24:U26) -> 2270890 | W23: =SUM(W24:W25) -> 1531662 | X23: =SUM(X24:X25) -> 739228
H24: 1. ค่าซ่อมบำรุง CCTV | L24: 2263100 | M24: 1131525 | N24: =IFERROR(M24/L24,1) -> 0.49998895 | O24: ='[12]new 2570'!$E$7 -> 1844150 | P24: =O24-L24 -> -418950 | Q24: =IFERROR(O24/L24-1,1) -> -0.18512218 | R24: =IF(O24>L24,"เพิ่มขึ้น",IF(O24<L24,"ลดลง",IF(O24=L24,"--"))) -> ลดลง | S24: 1. -ปี 70 = สัญญาใหม่ เฉพาะ สนญ. -ปี 69 =สัญญารวมทั้ง สนญ. + สนภ. 3 แห่ง | T24: 1 | U24: =SUM(W24:X24) -> 2137875 | W24: 1425250 | X24: 712625
H25: 2. จ้างบำรุงรักษาอุปกรณ์ Visitor Management (เครื่องอ่าน บัตรประชาชน, เครื่องอ่าน Passport, เครื่องถ่ายรูปบัตร) | L25: 106500 | M25: 53205.75 | N25: =IFERROR(M25/L25,1) -> 0.49958451 | O25: ='[12]new 2570'!$E$11 -> 133014.38 | P25: =O25-L25 -> 26514.375 | Q25: =IFERROR(O25/L25-1,1) -> 0.24896127 | R25: =IF(O25>L25,"เพิ่มขึ้น",IF(O25<L25,"ลดลง",IF(O25=L25,"--"))) -> เพิ่มขึ้น | S25: 2. -ปี 70 = เพิ่มสัญญาใหม่ต่อเนื่องจากปีปัจจุบัน (สิ้นสุดปี 72) -ปี 69 =สัญญาปัจจุบัน (สิ้นสุดปี 70) | T25: 1 | U25: =SUM(W25:X25) -> 133015 | W25: 106412 | X25: 26603
H26: 3. จ้างบำรุงรักษาเครื่องพิมพ์บัตร Access Card ยี่ห้อ Datacard | L26: 44900 | M26: 20865 | N26: =IFERROR(M26/L26,1) -> 0.46469933 | O26: ='[13]new 2570'!$E$15 -> 0 | P26: =O26-L26 -> -44900 | Q26: =IFERROR(O26/L26-1,1) -> -1 | R26: =IF(O26>L26,"เพิ่มขึ้น",IF(O26<L26,"ลดลง",IF(O26=L26,"--"))) -> ลดลง | S26: 2. ปี 70 ซื้อเครื่องใหม่ ให้มีเงื่อนไขซ่อมบำรุง (ระยะประกัน 3 ปี รวม MA) | T26: - | U26: 0
D27: 5031218000 | E27: A9 | F27: 9. ค่าวัสดุคอมพิวเตอร์ | H27: จัดหาบัตร Mifare /RFID /Access Card (บัตรพนักงาน) | L27: 147000 | M27: 46866 | N27: =IFERROR(M27/L27,1) -> 0.31881633 | O27: ='[14]2570'!$F$16 -> 195000 | P27: =O27-L27 -> 48000 | Q27: =IFERROR(O27/L27-1,1) -> 0.32653061 | R27: =IF(O27>L27,"เพิ่มขึ้น",IF(O27<L27,"ลดลง",IF(O27=L27,"--"))) -> เพิ่มขึ้น | S27: ราคาบัตร RFID เพิ่มขึ้นอย่างมีนัยสำคัญ (860 >> 2,500 บาท) ตั้งตามความต้องการใช้ในแต่ละปี โดยพิจารณา stock ที่มีอยู่ปัจุบันและตั้งให้พอใช้ทั้งปี 70 | T27: - | U27: 0
B28: เอกสารแนบ สีแดง สงสัย | D28: 5031219000 | E28: A10 | F28: 10. ค่าวัสดุทั่วไป | H28: 1.วัสดุในงานห้องบัตร เช่น บัตร RFID 2. วัสดุส่วนกลาง เช่น วัสดุสำนักงาน 3.วัสดุงาน รปภ. เช่น ถังดับเพลิง ผ้าคลุมรถ EV ฯลฯ | L28: ='สรุปใช้งบ 31กค'!H24 -> 305300 | M28: ='สรุปใช้งบ 31กค'!L24 -> 126239.72 | N28: =IFERROR(M28/L28,1) -> 0.41349401 | O28: ='[15]2570'!$E$8 -> 1580000 | P28: =O28-L28 -> 1274700 | Q28: =IFERROR(O28/L28-1,1) -> 4.1752375 | R28: =IF(O28>L28,"เพิ่มขึ้น",IF(O28<L28,"ลดลง",IF(O28=L28,"--"))) -> เพิ่มขึ้น | S28: ESG# มีรายการเพิ่มขึ้นอย่างมีนัยสำคัญดังนี้ -เพิ่มวัสดุเกี่ยวกับการระงับเหตุ EV ประมาณ 400,000.- -อุปกรณ์ห้องบัตร ประมาณ 370,000.- - อุปกรณ์เพื่อยกประสิทธิภาพระงับเหตุ ประมาณ 150,000.- - ถังดับเพลิง ประมาณ 700,000 บาท | T28: - | U28: 0
C29: 0k | D29: 5031138000 | E29: A11 | F29: 11. ค่าใช้จ่ายในการจัดงานและพิธีต่าง ๆ | H29: จัดงาน Financial Crime Investigation | L29: ='สรุปใช้งบ 31กค'!H26 -> 150000 | M29: ='สรุปใช้งบ 31กค'!L26 -> 0 | N29: =IFERROR(M29/L29,1) -> 0 | O29: ='[16]2570'!$D$13 -> 150000 | P29: =O29-L29 -> 0 | Q29: =IFERROR(O29/L29-1,1) -> 0 | R29: =IF(O29>L29,"เพิ่มขึ้น",IF(O29<L29,"ลดลง",IF(O29=L29,"--"))) -> -- | S29: -วางแผนจัด ก.ย.-ต.ค. (ปี 69 จัด 16-18 ก.ย.69) -จัดงานเหมือนปี69 (จัดอบรมซึ่งมีบุคคลภายนอก ไม่สามารถตั้งเป็นงบอบรมได้) | T29: - | U29: 0
C30: 0k | D30: 5031144000 | E30: A12 | F30: 12. ค่ารับรอง | H30: 1. ค่ารับรองของ ผอ. 2. ค่ารับรองของ ศปภ. 5 แห่ง | L30: ='สรุปใช้งบ 31กค'!H27 -> 80000 | M30: ='สรุปใช้งบ 31กค'!L27 -> 24068 | N30: =IFERROR(M30/L30,1) -> 0.30085 | O30: ='[17]2570'!$C$20 -> 80000 | P30: =O30-L30 -> 0 | Q30: =IFERROR(O30/L30-1,1) -> 0 | R30: =IF(O30>L30,"เพิ่มขึ้น",IF(O30<L30,"ลดลง",IF(O30=L30,"--"))) -> -- | S30: จำเป็นต้องสร้าง connection เหมือนเดิม | T30: - | U30: 0
C31: ok | D31: 5031134000 | E31: A13 | F31: 13. ค่าใช้จ่ายเดินทาง | H31: ค่าเบี้ยเลี้ยง ที่พัก และพาหนะเดินทาง มี 5 ส่วน ดังนี้ | L31: =SUM(L32:L35) -> 1597000 | M31: ='สรุปใช้งบ 31กค'!L28 -> 369502.95 | N31: =IFERROR(M31/L31,1) -> 0.23137317 | O31: =SUM(O32:O35) -> 1630000 | P31: =O31-L31 -> 33000 | Q31: =IFERROR(O31/L31-1,1) -> 0.020663745 | R31: =IF(O31>L31,"เพิ่มขึ้น",IF(O31<L31,"ลดลง",IF(O31=L31,"--"))) -> เพิ่มขึ้น | S31: ปรับกระบวนการ ศอก. ใช้คนตรวจน้อยลงเป็นสำคัญ | T31: - | U31: 0
H32: 1. ศปภ.เยี่ยมครอบครัว | L32: =Dataผลพิปี69!U63 -> 460000 | M32: n.a. | N32: =IFERROR(M32/L32,1) -> 1 | O32: ='[18]รวม คชจ.ปี 70'!$C$23 -> 480000 | P32: =O32-L32 -> 20000 | Q32: =IFERROR(O32/L32-1,1) -> 0.043478261 | R32: =IF(O32>L32,"เพิ่มขึ้น",IF(O32<L32,"ลดลง",IF(O32=L32,"--"))) -> เพิ่มขึ้น | S32: ดน.# 1.มีกลุ่มคนประจำต่างสำนักงานมากขึ้น | T32: - | U32: 0
H33: 2. ผู้บริหาร ศปก. / ศอก. เดินทางไปภูมิภาค /หชป.เวียนงาน | L33: =Dataผลพิปี69!U64 -> 587000 | M33: n.a. | N33: =IFERROR(M33/L33,1) -> 1 | O33: ='[18]รวม คชจ.ปี 70'!$C$24 -> 500000 | P33: =O33-L33 -> -87000 | Q33: =IFERROR(O33/L33-1,1) -> -0.14821124 | R33: =IF(O33>L33,"เพิ่มขึ้น",IF(O33<L33,"ลดลง",IF(O33=L33,"--"))) -> ลดลง | S33: ดน.# 2.ศอก./ศปภ. ใช้คนตรวจน้อยลง / ทริป ผอ. ลดลง | T33: - | U33: 0
H34: 3. ศปภ. โยกย้าย | L34: =Dataผลพิปี69!U65 -> 400000 | M34: n.a. | N34: =IFERROR(M34/L34,1) -> 1 | O34: ='[18]รวม คชจ.ปี 70'!$C$24 -> 500000 | P34: =O34-L34 -> 100000 | Q34: =IFERROR(O34/L34-1,1) -> 0.25 | R34: =IF(O34>L34,"เพิ่มขึ้น",IF(O34<L34,"ลดลง",IF(O34=L34,"--"))) -> เพิ่มขึ้น | S34: ดน.# 3.โยกย้ายมากขึ้น เมื่อหลักเกณฑ์ท้องถิ่นออกปีแรก | T34: - | U34: 0
H35: 4. งานสืบสวนและประมวลข่าว | L35: =Dataผลพิปี69!U66 -> 150000 | M35: n.a. | N35: =IFERROR(M35/L35,1) -> 1 | O35: ='[18]รวม คชจ.ปี 70'!$C$26 -> 150000 | P35: =O35-L35 -> 0 | Q35: =IFERROR(O35/L35-1,1) -> 0 | R35: =IF(O35>L35,"เพิ่มขึ้น",IF(O35<L35,"ลดลง",IF(O35=L35,"--"))) -> -- | S35: ดน.# 4. ตั้งเท่าปีก่อน /เพียงพอใช้ | T35: - | U35: 0
C36: ok | D36: 5031107000 | E36: A14 | F36: 14. ค่าธรรมเนียมอื่น ๆ | H36: 1. ค่าความถี่และค่าต่ออายุวิทยุสื่อสาร 2. ใบอนุญาตยุทธภัณฑ์ 3. ค่าตรวจรังสี พนง.รปภ. 7 เครื่อง และ 14 คน 4. ค่าจัดสรรคลื่นความถี่วิทยุ 5. ใบอนุญาตครอบครองเครื่องกำเนิดรังสี | L36: ='สรุปใช้งบ 31กค'!H29 -> 27000 | M36: ='สรุปใช้งบ 31กค'!L29 -> 1177 | N36: =IFERROR(M36/L36,1) -> 0.043592593 | O36: ='[19]2570'!$D$28 -> 40000 | P36: =O36-L36 -> 13000 | Q36: =IFERROR(O36/L36-1,1) -> 0.48148148 | R36: =IF(O36>L36,"เพิ่มขึ้น",IF(O36<L36,"ลดลง",IF(O36=L36,"--"))) -> เพิ่มขึ้น | S36: -ค่าธรรมเนียมใหม่ ได้แก่ ค่าบริการ Internet SIM รายปี สำหรับ Body Camara -สำรองฉุกเฉิน | T36: - | U36: 0 | W36: ปี 71
B37: มีโปรใช้ร่วมกัน | C37: เช็คโปร? | D37: 5031118000 | E37: A15-1 | F37: 15. ค่าสิทธิ์การใช้โปรแกรมส่วนงาน | H37: ใช้โปรแกรม Canva Pro 4 license | L37: ='สรุปใช้งบ 31กค'!H32 -> 6300 | M37: ='สรุปใช้งบ 31กค'!L32 -> 5550 | N37: =IFERROR(M37/L37,1) -> 0.88095238 | O37: ='[20]ค่าสิทธิการใช้โปรแกรม ปี 70'!$H$202 -> 8800 | P37: =O37-L37 -> 2500 | Q37: =IFERROR(O37/L37-1,1) -> 0.3968254 | R37: =IF(O37>L37,"เพิ่มขึ้น",IF(O37<L37,"ลดลง",IF(O37=L37,"--"))) -> เพิ่มขึ้น | S37: DATA# เพิ่ม 1 licence รวมเป็น 4 licence (ศอก. 2, ศสป. 1, ศปภ. 1) | T37: 4 | U37: ='[20]ค่าสิทธิการใช้โปรแกรม ปี 70'!$I$202 -> 8800 | W37: =U37 -> 8800
C38: ok | D38: 5031133000 | E38: A15-2 | F38: 16. ค่าสิทธิ์การใช้โปรแกรมส่วนกลาง | H38: ใช้โปรแกรม Adobe 1 license | L38: ='สรุปใช้งบ 31กค'!H33 -> 23000 | M38: =L38 -> 23000 | N38: =IFERROR(M38/L38,1) -> 1 | O38: ='[21]ค่าสิทธิการใช้โปรแกรม ปี 70'!$H$202 -> 48000 | P38: =O38-L38 -> 25000 | Q38: =IFERROR(O38/L38-1,1) -> 1.0869565 | R38: =IF(O38>L38,"เพิ่มขึ้น",IF(O38<L38,"ลดลง",IF(O38=L38,"--"))) -> เพิ่มขึ้น | S38: DATA# เพิ่ม 1 licence รวมเป็น 2 licence (พนง. 1,OS 1) + ราคาปรับตัวเพิ่ม | T38: 1 | W38: ฝทส. แจ้งไม่ต้องตั้งผูกฟัน
C39: ok | D39: 5031131000 | E39: A16 | F39: 17. ค่าใช้จ่ายในการสืบสวนเกี่ยวกับงาน รปภ. | H39: ใช้สืบสวนของ ทสส.1-2 | L39: ='สรุปใช้งบ 31กค'!H30 -> 220000 | M39: ='สรุปใช้งบ 31กค'!L30 -> 60000 | N39: =IFERROR(M39/L39,1) -> 0.27272727 | O39: ='[22]2570'!$E$7 -> 220000 | P39: =O39-L39 -> 0 | Q39: =IFERROR(O39/L39-1,1) -> 0 | R39: =IF(O39>L39,"เพิ่มขึ้น",IF(O39<L39,"ลดลง",IF(O39=L39,"--"))) -> -- | S39: ตั้งเท่าปีก่อน /เพียงพอใช้ | T39: - | U39: 0
C40: หน่วยงานที่ขอตั้ง | D40: 2. หมวดสินทรัพย์ถาวร | H40: จำนวนปี 69 | I40: ราคา @ ปี 69 | J40: จำนวนปี 70 | K40: ราคา @ ปี 70 | L40: =SUM(L41:L82) -> 29633600 | M40: =SUM(M41:M82) -> 25341985 | N40: =IFERROR(M40/L40,1) -> 0.8551774 | O40: =SUM(O41:O82) -> 26641500 | P40: =O40-L40 -> -2992100 | Q40: =IFERROR(O40/L40-1,1) -> -0.10096985 | R40: =IF(O40>L40,"เพิ่มขึ้น",IF(O40<L40,"ลดลง",IF(O40=L40,"--"))) -> ลดลง | S40: ปี 69 Access Control System รายการเดียวราคาสูงถึง = 13.4 ล้านบาท | U40: =SUM(U41:U82) -> 0
B41: รอแบบขอ / ฝจอ ไม่บวก 10% | C41: ฝจอ ไม่บวกราคา | D41: AUC | E41: B1 | F41: ระบบห้องควบคุม ฝรภ. อาคาร 1 และ 2 (Wall monitor ห้องควบคุม อาคาร 1, 2 และซื้อเครื่อง HDR จำนวน 9 เครื่อง และ work station จำนวน 1 เครื่องห้องควบคุมอาคาร 2) | H41: -- | I41: 0 | J41: 1 | K41: =ROUNDUP(1630894,-4) -> 1640000 | N41: =IFERROR(M41/L41,1) -> 1 | O41: =K41*J41 -> 1640000 | P41: =O41-L41 -> 1640000 | Q41: =IFERROR(O41/L41-1,1) -> 1 | R41: =IF(O41>L41,"เพิ่มขึ้น",IF(O41<L41,"ลดลง",IF(O41=L41,"--"))) -> เพิ่มขึ้น | S41: เป็นการปรับปรุงเพื่อให้รองรับการปฏิบัติงาน OS และการกำกับควบคุม OS ซึ่งผ่านการหารือ ฝจอ. ฝทส. ฝสภ. แล้ว
B42: รอแบบขอ | C42: ฝจอ ไม่บวกราคา | D42: AUC | E42: B2 | F42: ระบบแจ้งเตือนขอความช่วยเหลือเมื่อเกิดเหตุการณ์ไม่ปกติ (Auto dialer + Panic Switch) | H42: -- | I42: 0 | J42: 1 | K42: =ROUNDUP(150000,-4) -> 150000 | L42: 0 | M42: 0 | N42: =IFERROR(M42/L42,1) -> 1 | O42: =K42*J42 -> 150000 | P42: =O42-L42 -> 150000 | Q42: =IFERROR(O42/L42-1,1) -> 1 | R42: =IF(O42>L42,"เพิ่มขึ้น",IF(O42<L42,"ลดลง",IF(O42=L42,"--"))) -> เพิ่มขึ้น | S42: 1.Auto dialer: ติดตั้งอาคาร 1 + 2 ห้องละ 3 ตัว 2.Panic Switch: ติดตั้ง อาคาร ศรร.
B43: ราคาไม่รวมอุปกรณ์ ราคายังมียี่ห้อเดียว | C43: ศอก ราคา+5% | D43: AUC | E43: B3 | F43: รถขนส่ง (รถยนต์โดยสารแบบมีประตู 2 ด้าน +อุปกรณ์) | H43: -- | I43: 0 | J43: 2 | K43: =ROUNDUP((2339000+368508)*110%,-4) -> 2980000 | L43: 0 | M43: 0 | N43: =IFERROR(M43/L43,1) -> 1 | O43: =K43*J43 -> 5960000 | P43: =O43-L43 -> 5960000 | Q43: =IFERROR(O43/L43-1,1) -> 1 | R43: =IF(O43>L43,"เพิ่มขึ้น",IF(O43<L43,"ลดลง",IF(O43=L43,"--"))) -> เพิ่มขึ้น | S43: ทดแทนของเก่า อายุงาน 10 ปี (เกณฑ์อายุใช้งานธนาคาร 6 ปี)
C44: ศอก ราคา+5% | E44: B4 | F44: รถขนส่ง (รถยนต์ SUV +อุปกรณ์) | H44: -- | I44: 0 | J44: 1 | K44: =ROUNDUP((1904000+368508)*110%,-4) -> 2500000 | L44: 0 | M44: 0 | N44: =IFERROR(M44/L44,1) -> 1 | O44: =K44*J44 -> 2500000 | P44: =O44-L44 -> 2500000 | Q44: =IFERROR(O44/L44-1,1) -> 1 | R44: =IF(O44>L44,"เพิ่มขึ้น",IF(O44<L44,"ลดลง",IF(O44=L44,"--"))) -> เพิ่มขึ้น | S44: ทดแทนของเก่า อายุงาน 11 ปี (เกณฑ์อายุใช้งานธนาคาร 6 ปี) | W44: =P43+P44 -> 8460000
B45: คำขอขาดรหัสสินทรัพย์เดิม | C45: ฝจอ ไม่บวกราคา | D45: AUC | E45: B5 | F45: ระบบตรวจใต้ท้องรถยนต์ (UVSS) | H45: 1 | I45: ='ผลพิ69-สรุป'!I49 -> 3902400 | J45: 1 | K45: 1300000 | L45: ='สรุปใช้งบ 31กค'!H45 -> 3902400 | M45: ='สรุปใช้งบ 31กค'!L45 -> 1000000 | N45: =IFERROR(M45/L45,1) -> 0.25625256 | O45: =K45*J45 -> 1300000 | P45: =O45-L45 -> -2602400 | Q45: =IFERROR(O45/L45-1,1) -> -0.66687167 | R45: =IF(O45>L45,"เพิ่มขึ้น",IF(O45<L45,"ลดลง",IF(O45=L45,"--"))) -> ลดลง | S45: 1. ติดตั้งอาคาร ศรร. (ทดแทนของเดิม) 2. ปี 69 ตั้งงบซื้อยี่ห้อเดียวกับที่ติดตั้ง ต.1 แต่จัดซื้อจริง เปลี่ยนยี่ห้อสืบราคาได้ราคาต่ำสุดเป็นของ บ.apple scientific
C46: ศปภ ราคา+5% | D46: 1800012085 | E46: B6 | F46: =[23]แบบสำรวจอุปกรณ์!$D$22 -> อุปกรณ์เคลื่อนย้ายรถ | H46: -- | I46: 0 | J46: =[23]แบบสำรวจอุปกรณ์!$AB$22 -> 1 | K46: =ROUNDUP(23433*110%,-3) -> 26000 | L46: 0 | M46: 0 | N46: =IFERROR(M46/L46,1) -> 1 | O46: =K46*J46 -> 26000 | P46: =O46-L46 -> 26000 | Q46: =IFERROR(O46/L46-1,1) -> 1 | R46: =IF(O46>L46,"เพิ่มขึ้น",IF(O46<L46,"ลดลง",IF(O46=L46,"--"))) -> เพิ่มขึ้น | S46: ทดแทนของเดิมชำรุด
C47: ศอก | D47: 1800009014 | E47: B7 | F47: ระบบกล้อง CCTV ติดรถยนต์ แบบ IP Camera System (กล้องหน้ารถขนส่ง) | H47: -- | I47: 0 | J47: 10 | K47: =ROUNDUP((18990)*105%,-3) -> 20000 | L47: 0 | M47: 0 | N47: =IFERROR(M47/L47,1) -> 1 | O47: =K47*J47 -> 200000 | P47: =O47-L47 -> 200000 | Q47: =IFERROR(O47/L47-1,1) -> 1 | R47: =IF(O47>L47,"เพิ่มขึ้น",IF(O47<L47,"ลดลง",IF(O47=L47,"--"))) -> เพิ่มขึ้น | S47: ทดแทนของเดิมเสื่อมสภาพ มีปัญหาในการบันทึกภาพ
B48: รอปรับคำขอ | C48: ฝจอ | D48: 1800009015 | E48: B8 | F48: ระบบกล้อง CCTV ชนิด Fixed (แบบ box) | H48: -- | I48: 0 | J48: 3 | K48: =ROUNDUP((25000*107%),-3) -> 27000 | L48: 0 | M48: 0 | N48: =IFERROR(M48/L48,1) -> 1 | O48: =K48*J48 -> 81000 | P48: =O48-L48 -> 81000 | Q48: =IFERROR(O48/L48-1,1) -> 1 | R48: =IF(O48>L48,"เพิ่มขึ้น",IF(O48<L48,"ลดลง",IF(O48=L48,"--"))) -> เพิ่มขึ้น | S48: เพื่อให้มีกล้องสำรองเพียงพอตามความเหมาะสม ชึ่งเป็นไปตามบันทึกการประชุม กนร. ครั้งที่ 1/62 | W48: =SUM(O48:O49) -> 162000
F49: ระบบกล้อง CCTV ชนิด Fixed (แบบ Dome) | H49: -- | I49: 0 | J49: 3 | K49: =ROUNDUP((24500*107%),-3) -> 27000 | L49: 0 | M49: 0 | N49: =IFERROR(M49/L49,1) -> 1 | O49: =K49*J49 -> 81000 | P49: =O49-L49 -> 81000 | Q49: =IFERROR(O49/L49-1,1) -> 1 | R49: =IF(O49>L49,"เพิ่มขึ้น",IF(O49<L49,"ลดลง",IF(O49=L49,"--"))) -> เพิ่มขึ้น
F50: ระบบกล้อง CCTV ชนิด Fixed (แบบ Fisheye) | H50: -- | I50: 0 | J50: 4 | K50: =ROUNDUP((27500*107%),-3) -> 30000 | L50: 0 | M50: 0 | N50: =IFERROR(M50/L50,1) -> 1 | O50: =K50*J50 -> 120000 | P50: =O50-L50 -> 120000 | Q50: =IFERROR(O50/L50-1,1) -> 1 | R50: =IF(O50>L50,"เพิ่มขึ้น",IF(O50<L50,"ลดลง",IF(O50=L50,"--"))) -> เพิ่มขึ้น
D51: 1800009016 | F51: ระบบกล้อง CCTV ชนิด PTZ | H51: =10 -> 10 | I51: ='สรุปใช้งบ 31กค'!H44/10 -> 176550 | J51: =5+6 -> 11 | K51: =ROUNDUP((140000*107%),-1) -> 149800 | L51: ='สรุปใช้งบ 31กค'!H44 -> 1765500 | M51: ='สรุปใช้งบ 31กค'!L44 -> 1765500 | N51: =IFERROR(M51/L51,1) -> 1 | O51: =K51*J51 -> 1647800 | P51: =O51-L51 -> -117700 | Q51: =IFERROR(O51/L51-1,1) -> -0.066666667 | R51: =IF(O51>L51,"เพิ่มขึ้น",IF(O51<L51,"ลดลง",IF(O51=L51,"--"))) -> ลดลง | S51: ตั้งให้มี Stock พอตามบันทึกฯ กบร.ครั้งที่ 1/62
C52: ศอก | D52: 1800009017 | E52: B9 | F52: กล้องโทรทัศน์วงจรปิดตรวจการณ์ ชนิดติดตัว (Body Camera) แบบ Live Stream | H52: -- | I52: 0 | J52: 5 | K52: =ROUNDUP((59000*105%),-3) -> 62000 | L52: 0 | M52: 0 | N52: =IFERROR(M52/L52,1) -> 1 | O52: =K52*J52 -> 310000 | P52: =O52-L52 -> 310000 | Q52: =IFERROR(O52/L52-1,1) -> 1 | R52: =IF(O52>L52,"เพิ่มขึ้น",IF(O52<L52,"ลดลง",IF(O52=L52,"--"))) -> เพิ่มขึ้น | S52: เพิ่มประสิทธิภาพลาดตระเวรส่งภาพสู่ Wall Room โดยใช้ Wi-Fi และซิมอินเทอร์เน็ต ช่วยให้ศูนย์สั่งการติดตามการเดินตรวจและสั่งการระงับเหตุฉุกเฉินได้ทันที
C53: ศอก | D53: 1800012038 | E53: B10 | F53: กล้อง Thermal (จุดชาร์จ EV) | H53: -- | I53: 0 | J53: 2 | K53: =630000/2 -> 315000 | L53: 0 | M53: 0 | N53: =IFERROR(M53/L53,1) -> 1 | O53: =K53*J53 -> 630000 | P53: =O53-L53 -> 630000 | Q53: =IFERROR(O53/L53-1,1) -> 1 | R53: =IF(O53>L53,"เพิ่มขึ้น",IF(O53<L53,"ลดลง",IF(O53=L53,"--"))) -> เพิ่มขึ้น | S53: ระบบตรวจจับความร้อนสูงผิดปกติที่จุดเชื่อมต่อ สายชาร์จ หรือแบตเตอรี่รถยนต์ไฟฟ้าตั้งแต่ระยะเริ่มต้น เพื่อป้องกันเหตุเพลิงใหม้
B54: รอแบบคำขอ | C54: ศอก | E54: B11 | F54: กล้อง Thermal (ที่จอดรถชั้น 1-4) | H54: -- | I54: 0 | J54: 25 | K54: =O54/J54 -> 120000 | L54: 0 | M54: 0 | N54: =IFERROR(M54/L54,1) -> 1 | O54: 3000000 | P54: =O54-L54 -> 3000000 | Q54: =IFERROR(O54/L54-1,1) -> 1 | R54: =IF(O54>L54,"เพิ่มขึ้น",IF(O54<L54,"ลดลง",IF(O54=L54,"--"))) -> เพิ่มขึ้น | S54: เพื่อใช้ในการเสริมประสิทธิภาพการเฝ้าระวังและแจ้งเตือนเหตุเพลิงไหม้ในพื้นที่จอดรถใต้ดินอาคาร 1 ติดตั้งตามพื้นที่และระดับความเสี่ยงของ ธปท. เพื่อให้ ฝรภ.สามารถลดระยะเวลาในการเข้าระงับเหตุเพลิงไหม้จากรถไฟฟ้าหรือรถที่มี battery high volt
D55: 1800009024 | E55: B12 | F55: ระบบตรวจจับการบุกรุก (Beam Detector)-30 เมตร | H55: -- | I55: 0 | J55: 2 | K55: 23000 | L55: 0 | M55: 0 | N55: =IFERROR(M55/L55,1) -> 1 | O55: =K55*J55 -> 46000 | P55: =O55-L55 -> 46000 | Q55: =IFERROR(O55/L55-1,1) -> 1 | S55: -ทดแทนของเดิม -อายุใช้งานปัจจุบัน 6-10 ปี แล้ว -ราคาต่อหน่วย = ราคาเฉลี่ย เนื่องจากแบ่งเป็น 3 รุ่น (ระยะไกล กลาง สั้น)
F56: ระบบตรวจจับการบุกรุก (Beam Detector)-60 เมตร | H56: -- | I56: 0 | J56: 2 | K56: 30000 | L56: 0 | M56: 0 | N56: =IFERROR(M56/L56,1) -> 1 | O56: =K56*J56 -> 60000 | P56: =O56-L56 -> 60000 | Q56: =IFERROR(O56/L56-1,1) -> 1
F57: ระบบตรวจจับการบุกรุก (Beam Detector)-90 เมตร | H57: -- | I57: 0 | J57: 2 | K57: 34000 | L57: 0 | M57: 0 | N57: =IFERROR(M57/L57,1) -> 1 | O57: =K57*J57 -> 68000 | P57: =O57-L57 -> 68000 | Q57: =IFERROR(O57/L57-1,1) -> 1
B58: คำขอ+5หมื่น/ซื้อใหม่ | C58: ฝจอ | D58: 1800009007 | E58: B13 | F58: เครื่อง X-Ray | H58: 1 | I58: 1765500 | J58: 1 | K58: =ROUNDUP((1738750*105%),-4) -> 1830000 | L58: ='สรุปใช้งบ 31กค'!H48 -> 1765500 | M58: ='สรุปใช้งบ 31กค'!L48 -> 1760000 | N58: =IFERROR(M58/L58,1) -> 0.99688474 | O58: =K58*J58 -> 1830000 | P58: =O58-L58 -> 64500 | Q58: =IFERROR(O58/L58-1,1) -> 0.03653356 | R58: =IF(O58>L58,"เพิ่มขึ้น",IF(O58<L58,"ลดลง",IF(O58=L58,"--"))) -> เพิ่มขึ้น | S58: -งบปี 70 ติดตั้งอาคาร 7 (เพิ่มจุดติดตั้ง) -งบปี 69 ติดตั้งอาคาร 2 (ทดแทนของเดิม)
B59: รอแบบคำขอ | C59: ฝจอ | D59: 1800009032 | E59: B14 | F59: เครื่องอ่าน RFID | H59: -- | I59: 0 | J59: 10 | K59: =ROUNDUP((1594300*105%),-4)/10 -> 168000 | L59: 0 | M59: 0 | N59: =IFERROR(M59/L59,1) -> 1 | O59: =K59*J59 -> 1680000 | P59: =O59-L59 -> 1680000 | Q59: =IFERROR(O59/L59-1,1) -> 1 | R59: =IF(O59>L59,"เพิ่มขึ้น",IF(O59<L59,"ลดลง",IF(O59=L59,"--"))) -> เพิ่มขึ้น | S59: -เปลี่ยนทุกจุด ปัจจุบันซ่อมเวียนใช้ อายุเกินไม่เหมาะซ่อมแล้ว -ปัจจุบันงานซ่อมแพงมาก การซื้อเครื่องที่ลดราคาค่าซ่อมด้วย
B60: ราคาไม่ตรง | C60: ฝจอ | D60: 1800009041 | E60: B15 | F60: เครื่องอ่านบัตร (Access Card Reader) บัตรเข้า-ออกส่วนงาน) | H60: -- | I60: 0 | J60: 10 | K60: =ROUNDUP((10165),-3) -> 11000 | L60: 0 | M60: 0 | N60: =IFERROR(M60/L60,1) -> 1 | O60: =K60*J60 -> 110000 | P60: =O60-L60 -> 110000 | Q60: =IFERROR(O60/L60-1,1) -> 1 | R60: =IF(O60>L60,"เพิ่มขึ้น",IF(O60<L60,"ลดลง",IF(O60=L60,"--"))) -> เพิ่มขึ้น | S60: -เป็น Stock ปกติควรมี 10 ตัว -ปัจจุบันอายุงาน 6-10 ปีแล้ว
C61: ศอก | E61: B16 | F61: เครื่องอ่านบัตร (บัตรประชาชน) | H61: -- | I61: 0 | J61: 5 | K61: =ROUNDUP((13500*107%)*105%,-3) -> 16000 | L61: 0 | M61: 0 | N61: =IFERROR(M61/L61,1) -> 1 | O61: =K61*J61 -> 80000 | P61: =O61-L61 -> 80000 | Q61: =IFERROR(O61/L61-1,1) -> 1 | R61: =IF(O61>L61,"เพิ่มขึ้น",IF(O61<L61,"ลดลง",IF(O61=L61,"--"))) -> เพิ่มขึ้น | S61: ทดแทนเครื่องเดิม เนื่องจากเครื่องเดิมยกเลิกการผลิต และไม่มีอะไหล่รองรับแล้ว
C62: ศอก | D62: 1800008011 | E62: B17 | F62: เครื่องถ่ายรูปบัตร B-Card | H62: -- | I62: 0 | J62: 7 | K62: =ROUNDUP((22200*107%)*105%,-3) -> 25000 | L62: 0 | M62: 0 | N62: =IFERROR(M62/L62,1) -> 1 | O62: =K62*J62 -> 175000 | P62: =O62-L62 -> 175000 | Q62: =IFERROR(O62/L62-1,1) -> 1 | R62: =IF(O62>L62,"เพิ่มขึ้น",IF(O62<L62,"ลดลง",IF(O62=L62,"--"))) -> เพิ่มขึ้น
C63: ศปภ | D63: 1800016041 | E63: B18 | F63: =[23]แบบสำรวจอุปกรณ์!$D$24 -> หมวกกันกระสุน (fast helmet) | H63: -- | I63: 0 | J63: 0 | K63: =[23]แบบสำรวจอุปกรณ์!$G$24 -> 10000 | L63: 0 | M63: 0 | N63: =IFERROR(M63/L63,1) -> 1 | O63: =K63*J63 -> 0 | P63: =O63-L63 -> 0 | Q63: =P63-M63 -> 0 | R63: =IF(O63>L63,"เพิ่มขึ้น",IF(O63<L63,"ลดลง",IF(O63=L63,"--"))) -> --
C64: ศอก | D64: 1800016041 | E64: B19 | F64: ปืนไฟฟ้า(Taser Gun) พร้อมชุดอุปกรณ์+กระสุนสำรอง | H64: -- | I64: 0 | J64: 7 | K64: =2156000/7 -> 308000 | L64: 0 | M64: 0 | N64: =IFERROR(M64/L64,1) -> 1 | O64: =K64*J64 -> 2156000 | P64: =O64-L64 -> 2156000 | Q64: =IFERROR(O64/L64-1,1) -> 1 | R64: =IF(O64>L64,"เพิ่มขึ้น",IF(O64<L64,"ลดลง",IF(O64=L64,"--"))) -> เพิ่มขึ้น | S64: เพื่อใช้จัดการเหตุที่ไม่ถึงระดับการใช้อาวุธปืน แต่มีความเสี่ยงสูง /ลดความเสี่ยงถูกฟ้องร้องกรณีจัดการเกินเหตุได้ (รบ.เห็นชอบแล้ว)
C65: ศอก | D65: 1800007034 | E65: B20 | F65: ตู้นิรภัย (ฝากอาวุธปืน ประจำ สนญ.) | H65: -- | I65: 0 | J65: 4 | K65: =38000/4 -> 9500 | L65: 0 | M65: 0 | N65: =IFERROR(M65/L65,1) -> 1 | O65: =K65*J65 -> 38000 | P65: =O65-L65 -> 38000 | Q65: =IFERROR(O65/L65-1,1) -> 1 | R65: =IF(O65>L65,"เพิ่มขึ้น",IF(O65<L65,"ลดลง",IF(O65=L65,"--"))) -> เพิ่มขึ้น | S65: เก็บอาวุธปืนก่อนเข้าปฏิบัติหน้าที่สายตรวจอาคาร ในจุดใต้กล้อง CCTV มีการล็อกที่แน่นหนา+เข้าถึงได้เฉพาะผู้มีอำนาจหน้าที่ ตามหลักนิรภัยสากล
C66: ศอก | D66: 1800011014 | E66: B21 | F66: เครื่องคอมพิวเตอร์ NoteBook | H66: -- | I66: 0 | J66: 4 | K66: 60000 | L66: 0 | M66: 0 | N66: =IFERROR(M66/L66,1) -> 1 | O66: =K66*J66 -> 240000 | P66: =O66-L66 -> 240000 | Q66: =IFERROR(O66/L66-1,1) -> 1 | R66: =IF(O66>L66,"เพิ่มขึ้น",IF(O66<L66,"ลดลง",IF(O66=L66,"--"))) -> เพิ่มขึ้น | S66: INFRA# ใช้ Monitor สัญญาณภาพสด จากกล้อง Body Camera ชนิด Live Stream ที่ติดตัวเจ้าหน้าที่ ฝรภ.สายตรวจ มายังห้องควบคุม ฝรภ. หรือ War Room
C67: ศปภ | D67: 1800011028 | E67: B22 | F67: เครื่องไมโครคอมพิวเตอร์ | H67: 1 | I67: ='สรุปใช้งบ 31กค'!H36 -> 38000 | J67: 30 | K67: ='[24]ราคาครุภัณฑ์ IT ปี 70'!$E$7 -> 62400 | L67: ='สรุปใช้งบ 31กค'!H36 -> 38000 | M67: =L67 -> 38000 | N67: =IFERROR(M67/L67,1) -> 1 | O67: =K67*J67 -> 1872000 | P67: =O67-L67 -> 1834000 | Q67: =IFERROR(O67/L67-1,1) -> 48.263158 | R67: =IF(O67>L67,"เพิ่มขึ้น",IF(O67<L67,"ลดลง",IF(O67=L67,"--"))) -> เพิ่มขึ้น | S67: INFRA# ทดแทนเครื่องเฉพาะกิจ สนญ. ที่มีอายุเกิน 5 ปี (ทุกเครื่อง 6 ปี)
B68: ทำไมใช้ราคาแพง | D68: 1800012060 | E68: B23 | F68: เครื่องอัดอากาศ (ช่วยหายใจในการผจญเพลิง) | H68: -- | I68: 0 | J68: =[23]แบบสำรวจอุปกรณ์!$AB$13 -> 1 | K68: 160700 | L68: 0 | M68: 0 | N68: =IFERROR(M68/L68,1) -> 1 | O68: =K68*J68 -> 160700 | P68: =O68-L68 -> 160700 | Q68: =IFERROR(O68/L68-1,1) -> 1 | R68: =IF(O68>L68,"เพิ่มขึ้น",IF(O68<L68,"ลดลง",IF(O68=L68,"--"))) -> เพิ่มขึ้น | S68: ทดแทนของเดิมที่ สนญ. ที่มีอายุ 18 ปี
B69: เป็นวัสด หรือครุภัณฑ์ | C69: ศปภ | D69: 1800016035 | E69: B24 | F69: ถังจ่ายอากาศ SCBA | H69: -- | I69: 0 | J69: 5 | K69: =ROUNDUP((363800/5)*105%,-4) -> 80000 | L69: 0 | M69: 0 | N69: =IFERROR(M69/L69,1) -> 1 | O69: =K69*J69 -> 400000 | P69: =O69-L69 -> 400000 | Q69: =IFERROR(O69/L69-1,1) -> 1 | R69: =IF(O69>L69,"เพิ่มขึ้น",IF(O69<L69,"ลดลง",IF(O69=L69,"--"))) -> เพิ่มขึ้น | S69: ทดแทนของเดิมที่ครบอายุการใช้งาน 20 ปี
C70: ศปภ | D70: 1800007024 | E70: B25 | F70: เก้าอี้อื่นๆ (ประจำห้องควบคุม ยี่ห้อMerryfair รุ่น WAU2) | H70: -- | I70: 0 | J70: =[23]แบบสำรวจอุปกรณ์!$AB$19 -> 6 | K70: 13333.333 | L70: 0 | M70: 0 | N70: =IFERROR(M70/L70,1) -> 1 | O70: =K70*J70 -> 80000 | P70: =O70-L70 -> 80000 | Q70: =IFERROR(O70/L70-1,1) -> 1 | R70: =IF(O70>L70,"เพิ่มขึ้น",IF(O70<L70,"ลดลง",IF(O70=L70,"--"))) -> เพิ่มขึ้น | S70: spec พิเศษ ฝจอ.ให้ ฝรภ. จัดหา
C71: 70ไม่ซื้อ | D71: 1800011031 | E71: B26 | F71: จอคอมพิวเตอร์ | H71: 1 | I71: ='สรุปใช้งบ 31กค'!L37 -> 8000 | J71: -- | K71: 0 | L71: =I71 -> 8000 | M71: 8000 | N71: =IFERROR(M71/L71,1) -> 1 | O71: 0 | P71: 0 | Q71: =IFERROR(O71/L71-1,1) -> -1 | R71: =IF(O71>L71,"เพิ่มขึ้น",IF(O71<L71,"ลดลง",IF(O71=L71,"--"))) -> ลดลง | S71: ='สรุปใช้งบ 31กค'!S37 -> 1.รอง ผอ. อนุมัติ PR แล้ว เมื่อ 2 เม.ย. 69 2.คาดว่าจะได้ PC Q4 3.EPR ใหม่ งบจออยู่ที่ส่วนงาน (PC NB ฝทส.จัดหา) | T71: =J71 -> -- | U71: =K71 -> 0
C72: 70ไม่ซื้อ | D72: 1800016008 | E72: B27 | F72: เสื้อเกราะกันกระสุน | H72: 21 | I72: =L72/H72 -> 32285.714 | J72: -- | K72: 0 | L72: ='สรุปใช้งบ 31กค'!H38 -> 678000 | M72: ='สรุปใช้งบ 31กค'!L38 -> 0 | N72: =IFERROR(M72/L72,1) -> 0 | O72: 0 | P72: 0 | Q72: =IFERROR(O72/L72-1,1) -> -1 | R72: =IF(O72>L72,"เพิ่มขึ้น",IF(O72<L72,"ลดลง",IF(O72=L72,"--"))) -> ลดลง | S72: ='สรุปใช้งบ 31กค'!S38 -> 1.กำลังทำ PR 2.คาดว่าเซ็นสัญญา เดือน ก.ย. 69 3.มีบริษัทน้อย จึงใช้วิธีคัดเลือก | T72: =J72 -> -- | U72: =K72 -> 0
C73: 70ไม่ซื้อ | D73: 1800014020 | E73: B28 | F73: เครื่องขยายเสียง โทรโข่ง - แบบสายสะพาย | H73: 3 | I73: ='สรุปใช้งบ 31กค'!H39 -> 23000 | J73: -- | K73: 0 | L73: =I73 -> 23000 | M73: ='สรุปใช้งบ 31กค'!M39 -> 0 | N73: =IFERROR(M73/L73,1) -> 0 | O73: 0 | P73: 0 | Q73: =IFERROR(O73/L73-1,1) -> -1 | R73: =IF(O73>L73,"เพิ่มขึ้น",IF(O73<L73,"ลดลง",IF(O73=L73,"--"))) -> ลดลง | S73: ='สรุปใช้งบ 31กค'!S39 -> 1.ได้แบบมาพร้อมราคา ทั้งสองอย่าง 2.รอหารือและเลือกแบบที่ต้องการ 3.คาดว่าได้ของ ปลายเดือน มิ.ย.- ต้น ก.ค. 69 | T73: =J73 -> -- | U73: =K73 -> 0
C74: 70ไม่ซื้อ | E74: B29 | F74: เครื่องขยายเสียง โทรโข่ง - แบบคาดเอว | H74: 1 | J74: -- | K74: 0 | O74: 0 | P74: 0 | Q74: =IFERROR(O74/L74-1,1) -> 1 | T74: =J74 -> -- | U74: =K74 -> 0
C75: 70ไม่ซื้อ | D75: 1800014095 | E75: B30 | F75: ปลาดาว (sound station) - ลำโพงห้องประชุม ฝรภ. | H75: 1 | I75: ='สรุปใช้งบ 31กค'!H40 -> 11000 | J75: -- | K75: 0 | L75: =I75 -> 11000 | M75: ='สรุปใช้งบ 31กค'!L40 -> 0 | N75: =IFERROR(M75/L75,1) -> 0 | O75: 0 | P75: 0 | Q75: =IFERROR(O75/L75-1,1) -> -1 | R75: =IF(O75>L75,"เพิ่มขึ้น",IF(O75<L75,"ลดลง",IF(O75=L75,"--"))) -> ลดลง | S75: ='สรุปใช้งบ 31กค'!S40 -> อยู่ระหว่างขอใบเสนอราคา 3 ราย เพื่อส่งให้ ฝทส.จัดหา | T75: =J75 -> -- | U75: =K75 -> 0
C76: 70ไม่ซื้อ | D76: 1800025016 | E76: B31 | F76: รถจักรยานยนต์ | H76: 1 | I76: ='สรุปใช้งบ 31กค'!H41 -> 112000 | J76: -- | K76: 0 | L76: =I76 -> 112000 | M76: ='สรุปใช้งบ 31กค'!L41 -> 105000 | N76: =IFERROR(M76/L76,1) -> 0.9375 | O76: 0 | P76: 0 | Q76: =IFERROR(O76/L76-1,1) -> -1 | R76: =IF(O76>L76,"เพิ่มขึ้น",IF(O76<L76,"ลดลง",IF(O76=L76,"--"))) -> ลดลง | S76: ='สรุปใช้งบ 31กค'!S41 -> 1.รอง ผอ.อนุมัติ PR แล้ว เมื่อ 6 มิ.ย. 69 2.คาดว่าได้รับของ ปลายเดือน มิ.ย. | T76: =J76 -> -- | U76: =K76 -> 0
C77: 70ไม่ซื้อ | D77: 1800009004 | E77: B32 | F77: เครื่องตรวจโลหะชนิดประตูเดินผ่าน (walk through) | H77: 1 | I77: =L77 -> 310000 | J77: -- | K77: 0 | L77: ='สรุปใช้งบ 31กค'!H42 -> 310000 | M77: ='สรุปใช้งบ 31กค'!L42 -> 256800 | N77: =IFERROR(M77/L77,1) -> 0.8283871 | O77: 0 | P77: 0 | Q77: =IFERROR(O77/L77-1,1) -> -1 | R77: =IF(O77>L77,"เพิ่มขึ้น",IF(O77<L77,"ลดลง",IF(O77=L77,"--"))) -> ลดลง | S77: ='สรุปใช้งบ 31กค'!S42 -> 1.รอง ผอ.อนุมัติ PR แล้ว เมื่อ 27 ก.ค. 69 2.คาดว่าเซ็นสัญญาไม่เกิน เดือน ส.ค. 69 | T77: =J77 -> -- | U77: =K77 -> 0
C78: 70ไม่ซื้อ | D78: 1800009031 | E78: B33 | F78: วิทยุสื่อสาร (walkie Talkie / วอดำ) | H78: 7 | I78: =L78 -> 56000 | J78: -- | K78: 0 | L78: ='สรุปใช้งบ 31กค'!H43 -> 56000 | M78: ='สรุปใช้งบ 31กค'!L43 -> 48685 | N78: =IFERROR(M78/L78,1) -> 0.869375 | O78: 0 | P78: 0 | Q78: =IFERROR(O78/L78-1,1) -> -1 | R78: =IF(O78>L78,"เพิ่มขึ้น",IF(O78<L78,"ลดลง",IF(O78=L78,"--"))) -> ลดลง | S78: ='สรุปใช้งบ 31กค'!S42 -> 1.รอง ผอ.อนุมัติ PR แล้ว เมื่อ 27 ก.ค. 69 2.คาดว่าเซ็นสัญญาไม่เกิน เดือน ส.ค. 69 | T78: =J78 -> -- | U78: =K78 -> 0
C79: 70ไม่ซื้อ | D79: 1800009013 | E79: B34 | F79: เครื่องควบคุมการผ่านเข้า-ออก รถยนต์ (ไม้กั้น) | H79: 8 | I79: =L79 -> 1753800 | J79: -- | K79: 0 | L79: ='สรุปใช้งบ 31กค'!H46 -> 1753800 | M79: 1430000 | N79: =IFERROR(M79/L79,1) -> 0.81537233 | O79: 0 | P79: 0 | Q79: =IFERROR(O79/L79-1,1) -> -1 | R79: =IF(O79>L79,"เพิ่มขึ้น",IF(O79<L79,"ลดลง",IF(O79=L79,"--"))) -> ลดลง | S79: ='สรุปใช้งบ 31กค'!S46 -> 1.ผอ.อนุมัติ PR แล้ว เมื่อ 15 พ.ค. 69 2.คาดว่าเซ็นสัญญาไม่เกิน เดือน ส.ค. 69 3.งบเหลือ 3.2 แสนบาท | T79: =J79 -> -- | U79: =K79 -> 0
C80: 70ไม่ซื้อ | D80: 2802609007 | E80: B35 | F80: เครื่องควบคุมการเปิด-ปิด (Access Control System) | H80: 1 | I80: ='สรุปใช้งบ 31กค'!H47 -> 13369200 | J80: -- | K80: 0 | L80: ='สรุปใช้งบ 31กค'!H47 -> 13369200 | M80: ='สรุปใช้งบ 31กค'!L47 -> 13100000 | N80: =IFERROR(M80/L80,1) -> 0.97986417 | O80: 0 | P80: 0 | Q80: =IFERROR(O80/L80-1,1) -> -1 | R80: =IF(O80>L80,"เพิ่มขึ้น",IF(O80<L80,"ลดลง",IF(O80=L80,"--"))) -> ลดลง | S80: ='สรุปใช้งบ 31กค'!S47 -> 1.ผอ.อนุมัติ PR แล้ว เมื่อ 21 พ.ค. 69 2.คาดว่าเซ็นสัญญาไม่เกิน เดือน ส.ค. 69 3.งบเหลือ 2.7 แสนบาท | T80: =J80 -> -- | U80: =K80 -> 0
C81: 70ไม่ซื้อ | D81: 2802509002 | E81: B36 | F81: ='สรุปใช้งบ 31กค'!C49 -> งานติดตั้งระบบกล้องวงจรปิด CCTV วังบางขุนพรหม วังเทเวศร์ อาคาร 6 | H81: 1 | I81: ='สรุปใช้งบ 31กค'!H49 -> 4651200 | J81: -- | K81: 0 | L81: ='สรุปใช้งบ 31กค'!H49 -> 4651200 | M81: ='สรุปใช้งบ 31กค'!L49 -> 4650000 | N81: =IFERROR(M81/L81,1) -> 0.999742 | O81: 0 | P81: 0 | Q81: =IFERROR(O81/L81-1,1) -> -1 | R81: =IF(O81>L81,"เพิ่มขึ้น",IF(O81<L81,"ลดลง",IF(O81=L81,"--"))) -> ลดลง | S81: ='สรุปใช้งบ 31กค'!S49 -> เสร็จแล้ว ตรวจรับแล้ว 2 เม.ย. 69 /ส่งมอบ 22 มิ.ย. 69 | T81: =J81 -> -- | U81: =K81 -> 0
C82: 70ไม่ซื้อ | D82: 2802509003 | E82: B37 | F82: ='สรุปใช้งบ 31กค'!C50 -> งานติดตั้งระบบกล้องวงจรปิด CCTV ห้องประชุมส่วนกลางอาคาร 1, 2, 7 | H82: 1 | I82: ='สรุปใช้งบ 31กค'!H50 -> 1190000 | J82: -- | K82: 0 | L82: ='สรุปใช้งบ 31กค'!H50 -> 1190000 | M82: ='สรุปใช้งบ 31กค'!L50 -> 1180000 | N82: =IFERROR(M82/L82,1) -> 0.99159664 | O82: 0 | P82: 0 | Q82: =IFERROR(O82/L82-1,1) -> -1 | R82: =IF(O82>L82,"เพิ่มขึ้น",IF(O82<L82,"ลดลง",IF(O82=L82,"--"))) -> ลดลง | S82: ='สรุปใช้งบ 31กค'!S50 -> เสร็จแล้ว ตรวจรับแล้ว 3 ก.พ. 69 /ส่งมอบ 22 ก.พ. 69 | T82: =J82 -> -- | U82: =K82 -> 0
D83: รวมงบประมาณรายจ่ายทั้งสิ้น (หมวด 1 + หมวด 2) | L83: =L5+L40 -> 109212000 | M83: =SUM(M40,M5) -> 61945702 | N83: =IFERROR(M83/L83,1) -> 0.567206 | O83: =SUM(O40,O5) -> 1.1037245e+08 | P83: =O83-L83 -> 1160454.4 | Q83: =IFERROR(O83/L83-1,1) -> 0.010625704 | R83: =IF(O83>L83,"เพิ่มขึ้น",IF(O83<L83,"ลดลง",IF(O83=L83,"--"))) -> เพิ่มขึ้น | S83: เพิ่มจากหมวดค่าใช้จ่ายเป็นสำคัญ | T83: - | U83: =SUM(U40,U5) -> 103563190
D87: หมายเหตุ
E88: B5 | F88: กล้อง CCTV ชนิด Fixed (แบบ Bullet) | H88: -- | I88: -- | L88: 0 | M88: 0 | N88: =IFERROR(M88/L88,1) -> 1 | O88: =K88*J88 -> 0 | P88: =O88-L88 -> 0 | R88: =IF(O88>L88,"เพิ่มขึ้น",IF(O88<L88,"ลดลง",IF(O88=L88,"--"))) -> -- | V88: 5

Sheet คำขอปึ70 (หัวข้อแบบเสนอ ผผ)
B1: =(18990)*105% -> 19939.5 | C1: =80000/6 -> 13333.333 | D1: สรุปรายละเอียดคำขอตั้งงบประมาณของฝ่ายรักษาความปลอดภัย ประจำปี 2570 - สิ้นสุด
D3: รหัสงบฯ | E3: File ประกอบ | F3: ชื่องบประมาณ/ชื่อบัญชี | H3: คำนิยาม | L3: งบปี 2569 | O3: คำขอปี 2570 ( เพิ่มขึ้น / ลดลง ) | T3: คำขอปี 2571 - สิ้นสุดแผนงาน
L4: งบที่ได้ปี 69 +จัดสรรระหว่างปี | M4: ใช้ไป ณ 31 ก.ค. 69 | N4: %ใช้ไป ปี 2569 | O4: งบปี 2570 | P4: เทียบกับ ปี 2569 | Q4: % เทียบกับ ปี 2569 | R4: เปลี่ยนแปลง | S4: เหตุผล | T4: หน่วย | U4: จำนวนเงิน
D5: 1. หมวดค่าใช้จ่าย | L5: =SUM(L6,L9:L14,L20,L23,L27:L31,L36:L39) -> 79578400 | M5: =SUM(M6,M9:M14,M20,M23,M27:M31,M36:M39) -> 36603717 | N5: =IFERROR(M5/L5,1) -> 0.45997051 | O5: =SUM(O6,O9:O14,O20,O23,O27:O31,O36:O39) -> 83730954 | P5: =O5-L5 -> 4152554.4 | Q5: =IFERROR(O5/L5-1,1) -> 0.052181928 | R5: =IF(O5>L5,"เพิ่มขึ้น",IF(O5<L5,"ลดลง",IF(O5=L5,"--"))) -> เพิ่มขึ้น | S5: อัตรา ฝรภ. กำลังลดลง /จัดซื้อ OS ได้ราคาถูกลง /MA สนภ.ตั้งงบเอง | T5: =SUM(T14,T23,T37,T38) -> 12 | U5: =SUM(U6,U9:U14,U20,U23,U27:U31,U36:U39) -> 1.0356309e+08
D6: -- | F6: 1. ค่าตอบแทนการทำงานนอกเวลา | H6: มี 2 ส่วน ดังนี้ | L6: =SUM(L7:L8) -> 5950000 | M6: =SUM(M7:M8) -> 3752559.2 | N6: =IFERROR(M6/L6,1) -> 0.63068222 | O6: =SUM(O7:O8) -> 7090000 | P6: =O6-L6 -> 1140000 | Q6: =IFERROR(O6/L6-1,1) -> 0.19159664 | R6: =IF(O6>L6,"เพิ่มขึ้น",IF(O6<L6,"ลดลง",IF(O6=L6,"--"))) -> เพิ่มขึ้น | S6: เพิ่มทั้งหมวด OT + ศปภ. เข้าเวร ดังนี้ | T6: - | U6: 0
C7: ok | D7: 5020102000 | E7: A1-1 | G7: 1.1 ค่าล่วงเวลาและค่าตอบแทนการทำงานเกินเวลา | H7: 1.-ฝรภ.ปฏิบัติงานแทน OS หยุดงาน+เกิดเหตุไม่ปกติ -ศสป. ศอก. สนับสนุนงาน ศปภ. วันหยุด+นอกเวลางาน -ฝรภ. ปฏิบัติงานเร่งด่วน วันหยุด+นอกเวลางาน | L7: ='สรุปใช้งบ 31กค'!H11 -> 310000 | M7: ='สรุปใช้งบ 31กค'!L11 -> 263759.21 | N7: =IFERROR(M7/L7,1) -> 0.85083616 | O7: =[1]คำขอ2570!$F$8 -> 890000 | P7: =O7-L7 -> 580000 | Q7: =IFERROR(O7/L7-1,1) -> 1.8709677 | R7: =IF(O7>L7,"เพิ่มขึ้น",IF(O7<L7,"ลดลง",IF(O7=L7,"--"))) -> เพิ่มขึ้น | S7: 1.-ศปภ. ปรับการปฏิบัติงานให้สอดคล้อง กม.ใหม่ (หารือ ฝกม.แล้ว) -ศอก. ศสป. ตั้งเพิ่มจากเหตุปฏิบัติงานแทน OS เหตุบอกเลิกสัญญาปี 69 และสำรองงานเร่งด่วนนอกเวลา | T7: - | U7: 0
B8: มีปรับตาราง | C8: ok | D8: 5020104000 | E8: A1-2 | G8: 1.2 เงินช่วยเหลือพิเศษ | H8: 2. ค่าเข้าเวร นอกเวลาปกติ/ วันหยุด | L8: ='สรุปใช้งบ 31กค'!H12 -> 5640000 | M8: ='สรุปใช้งบ 31กค'!L12 -> 3488800 | N8: =IFERROR(M8/L8,1) -> 0.61858156 | O8: ='[2]2570new'!$D$21 -> 6200000 | P8: =O8-L8 -> 560000 | Q8: =IFERROR(O8/L8-1,1) -> 0.09929078 | R8: =IF(O8>L8,"เพิ่มขึ้น",IF(O8<L8,"ลดลง",IF(O8=L8,"--"))) -> เพิ่มขึ้น | S8: 2.-อัตรากำลังลดลงจากปีก่อน 108 >> 103 คน -90% เป็น พนง.เก่าจึงต้องปรับฐานเงินเดือนเฉลี่ยเพิ่มอีก 2.5% เพื่อให้พอต่อการใช้จ่ายปี 70 | T8: - | U8: 0
B9: เอกสารแนบ สีแดง สงสัย | D9: 5020305000 | E9: A2 | F9: 2. เงินช่วยเหลืออื่น ๆ (ปฏิบัติงานต่าง สนง.) | H9: 1. ค่าจัดซื้อของเหมาจ่าย (ให้ครั้งเดียว และเมื่อย้าย) 2. บ้านพัก/ค่าเช่าบ้าน @ 8,000/เดือน 3. เงินช่วยเหลือพิเศษ @ 5,500/เดือน | L9: ='สรุปใช้งบ 31กค'!H13 -> 6650000 | M9: ='สรุปใช้งบ 31กค'!$L$13 -> 2100323.9 | N9: =IFERROR(M9/L9,1) -> 0.31583817 | O9: ='[3]1. ต่างสำนักงาน Rate ปี 70'!$F$20 -> 4380000 | P9: =O9-L9 -> -2270000 | Q9: =IFERROR(O9/L9-1,1) -> -0.34135338 | R9: =IF(O9>L9,"เพิ่มขึ้น",IF(O9<L9,"ลดลง",IF(O9=L9,"--"))) -> ลดลง | S9: -อัตรากำลังลดลงจาก 108 >> 103 คน -ปี 70 ศปภ.ครบวงรอบย้ายลดลง | T9: - | U9: 0
B10: รอราคา | D10: 5020304000 | E10: A3-1 | F10: 3.1 ค่าเสื้อผ้าและเครื่องแบบ | H10: แจก ชุดปฏิบัติการ / ชุดพิธีการ (พนง.เก่า 2 ชุด /พนง.ใหม่ 3 ชุด) | L10: ='สรุปใช้งบ 31กค'!H14 -> 457900 | M10: ='สรุปใช้งบ 31กค'!$L$14 -> 443910.8 | N10: =IFERROR(M10/L10,1) -> 0.96944922 | O10: 1204490 | P10: =O10-L10 -> 746590 | Q10: =IFERROR(O10/L10-1,1) -> 1.6304652 | R10: =IF(O10>L10,"เพิ่มขึ้น",IF(O10<L10,"ลดลง",IF(O10=L10,"--"))) -> เพิ่มขึ้น | S10: -เสื้อผ้าปรับราคาเพิ่มขึ้นมากต้องสืบราคาใหม่ -ปีก่อนๆใช้ราคามาตรฐานจาก ฝผง. ตั้งงบ ซึ่งประกาศมาตั้งแต่ปี 66 -ปี 70 จัดหาชุดพิธีการใหม่ในภาพรวมทั้งหมด -พนง.ใหม่ จัดหา 3 ชุด (ชุดพิธีการ 1 ชุด/ชุดปฏิบัติการ 2 ชุด) | T10: - | U10: 0
C11: ok | D11: 5031207000 | E11: A3-2 | F11: 3.2 ค่าเช่าอุปกรณ์ เครื่องมือ เครื่องใช้ (เช่าชุดสูท) | H11: เช่าชุดสูทปฏิบัติหน้าที่ | L11: 0 | M11: 0 | N11: =IFERROR(M11/L11,1) -> 1 | O11: ='[4]ค่าเช่าชุดสูท 70'!$E$9 -> 50000 | P11: =O11-L11 -> 50000 | Q11: =IFERROR(O11/L11-1,1) -> 1 | R11: =IF(O11>L11,"เพิ่มขึ้น",IF(O11<L11,"ลดลง",IF(O11=L11,"--"))) -> เพิ่มขึ้น | S11: ปี 70 เปลี่ยนวิธีจากเดิมตั้งงบค่าเสื้อผ้าเพื่อซื้อ/ตัด >เปลี่ยนเป็น> เช่าสูทเมื่อมีออก event ซึ่งทำให้ช่วยลดต้นทุนให้ธนาคารได้มาก | T11: - | U11: 0
C12: ok | D12: 5020306000 | E12: A4 | F12: 4. คชจ.กิจกรรมส่งเสริมค่านิยมร่วมขององค์กร (สคส.) | H12: อัตรากำลัง @1,000.- ตามที่ ฝยว. กำหนด | L12: ='สรุปใช้งบ 31กค'!H15 -> 165000 | M12: ='สรุปใช้งบ 31กค'!$L$15 -> 26800.35 | N12: =IFERROR(M12/L12,1) -> 0.16242636 | O12: ='[5]2570'!$H$13 -> 145000 | P12: =O12-L12 -> -20000 | Q12: =IFERROR(O12/L12-1,1) -> -0.12121212 | R12: =IF(O12>L12,"เพิ่มขึ้น",IF(O12<L12,"ลดลง",IF(O12=L12,"--"))) -> ลดลง | S12: -อัตรากำลังลดลงจาก 165 >> 145 คน (อัตราที่ประกาศ) | T12: - | U12: 0
C13: ok | D13: 5020402000 | E13: A5 | F13: 5. ค่าฝึกอบรมและพัฒนาพนักงาน | H13: งบฝึกอบรมและค่าใช้จ่ายในการเดินทางไปอบรม | L13: ='สรุปใช้งบ 31กค'!H16 -> 1522500 | M13: ='สรุปใช้งบ 31กค'!$L$16 -> 257470.89 | N13: =IFERROR(M13/L13,1) -> 0.1691106 | O13: ='[6]2570'!$H$14 -> 675000 | P13: =O13-L13 -> -847500 | Q13: =IFERROR(O13/L13-1,1) -> -0.55665025 | R13: =IF(O13>L13,"เพิ่มขึ้น",IF(O13<L13,"ลดลง",IF(O13=L13,"--"))) -> ลดลง | S13: ตั้งแต่ปี 69 เป็นต้นมา ฝยบ. แจ้งจำนวนงบให้ส่วนงานตั้ง | T13: - | U13: 0 | W13: ปี 71 | X13: ปี72 | Y13: ปี73
C14: ok | D14: 5031116000 | E14: A6-1 (ปี69) | F14: 6. ค่าจ้างงานรักษาความปลอดภัย | H14: ค่าจ้าง OS 5 พื้นที่ทั้วประเทศ ดังนี้ | L14: =SUM(L15:L19) -> 55490000 | M14: =SUM(M15:M19) -> 25990272 | N14: =IFERROR(M14/L14,1) -> 0.46837757 | O14: =SUM(O15:O19) -> 59880600 | P14: =O14-L14 -> 4390600 | Q14: =IFERROR(O14/L14-1,1) -> 0.079124167 | R14: =IF(O14>L14,"เพิ่มขึ้น",IF(O14<L14,"ลดลง",IF(O14=L14,"--"))) -> เพิ่มขึ้น | S14: ทุกกลุ่ม : ปี 69 ราคากลางสืบใหม่ /ปี 70 ราคาตามสัญญาซึ่งถูกกว่าราคากลาง | T14: 5 | U14: =SUM(U15:U19) -> 101283400 | W14: =SUM(W15:W19) -> 57250300 | X14: =SUM(X15:X19) -> 32895600 | Y14: =SUM(Y15:Y19) -> 11137600
H15: 1. กลุ่ม1-สนญ. | L15: =Dataผลพิปี69!U31 -> 25020000 | M15: ='[7]กลุ่ม 1'!$H$25 -> 13844752 | N15: =IFERROR(M15/L15,1) -> 0.55334742 | O15: ='[8]Template OS-2570 '!$AU$10+'[8]Template OS-2570 '!$AU$11+'[8]Template OS-2570 '!$AU$12 -> 30297600 | P15: =O15-L15 -> 5277600 | Q15: =IFERROR(O15/L15-1,1) -> 0.21093525 | R15: =IF(O15>L15,"เพิ่มขึ้น",IF(O15<L15,"ลดลง",IF(O15=L15,"--"))) -> เพิ่มขึ้น | S15: 1.กลุ่ม 1, 5 เพิ่มเนื่องจาก - กลุ่ม 1 ตั้งแต่ ธ.ค. 69 เพิ่ม 0S ห้องควบคุม 4 คน - กลุ่ม 5 ปี 70 สืบราคาเพื่อจัดซื้อใหม่ หลังบอกเลิกสัญญา สูงกว่าราคาปี 69 | T15: 1 | U15: ='[25]Template OS-2570 '!$BK$12 -> 76479500 | W15: ='[8]Template OS-2570 '!$AX$12 -> 32446300 | X15: ='[8]Template OS-2570 '!$BA$12 -> 32895600 | Y15: ='[8]Template OS-2570 '!$BD$12 -> 11137600
H16: 2. กลุ่ม2-สภน./ศชม. | L16: =Dataผลพิปี69!U32 -> 6100000 | M16: =[7]กลุ่ม2!$H$43 -> 3041731.3 | N16: =IFERROR(M16/L16,1) -> 0.49864447 | O16: ='[8]Template OS-2570 '!$AU$14 -> 5243500 | P16: =O16-L16 -> -856500 | Q16: =IFERROR(O16/L16-1,1) -> -0.14040984 | R16: =IF(O16>L16,"เพิ่มขึ้น",IF(O16<L16,"ลดลง",IF(O16=L16,"--"))) -> ลดลง | T16: 1 | U16: ='[25]Template OS-2570 '!$BK$14 -> 4372900 | W16: ='[8]Template OS-2570 '!$AX$14 -> 4373000
C17: ok | E17: A6-2 (ปี70) | H17: 3. กลุ่ม3-สภอ. | L17: =Dataผลพิปี69!U33 -> 6170000 | M17: =[9]กลุ่ม3!$H$43 -> 1942537.4 | N17: =IFERROR(M17/L17,1) -> 0.31483588 | O17: ='[8]Template OS-2570 '!$AU$18 -> 5458400 | P17: =O17-L17 -> -711600 | Q17: =IFERROR(O17/L17-1,1) -> -0.11533225 | R17: =IF(O17>L17,"เพิ่มขึ้น",IF(O17<L17,"ลดลง",IF(O17=L17,"--"))) -> ลดลง | T17: 1 | U17: ='[25]Template OS-2570 '!$BK$18 -> 4688000 | W17: ='[8]Template OS-2570 '!$AX$18 -> 4688000
H18: 4. กลุ่ม4-สภต./ศหญ. ศพง. | L18: =Dataผลพิปี69!U34 -> 6200000 | M18: =[9]กลุ่ม4!$H$43 -> 3452552.2 | N18: =IFERROR(M18/L18,1) -> 0.55686325 | O18: ='[8]Template OS-2570 '!$AU$20 -> 5949500 | P18: =O18-L18 -> -250500 | Q18: =IFERROR(O18/L18-1,1) -> -0.040403226 | R18: =IF(O18>L18,"เพิ่มขึ้น",IF(O18<L18,"ลดลง",IF(O18=L18,"--"))) -> ลดลง | S18: 2. กลุ่ม 2-5 ลดลงเนื่องจาก -กลุ่ม 2, 4 เป็นราคาราคาตามสัญญาซึ่งถูกกว่าราคากลางปี 69 -กลุ่ม 3 ราคาสัญญาหลัง stop gap สืบใหม่เริ่มสัญญาปี 70 ใช้ราคาสัญญา บ.ขอนแก่น +3% | T18: 1 | U18: ='[25]Template OS-2570 '!$BK$20 -> 4961200 | W18: ='[8]Template OS-2570 '!$AX$20 -> 4961200
H19: 5. กลุ่ม5-สอบ. ศรย. | L19: =Dataผลพิปี69!U35 -> 12000000 | M19: =[9]กลุ่ม5!$H$53 -> 3708698.3 | N19: =IFERROR(M19/L19,1) -> 0.30905819 | O19: ='[8]Template OS-2570 '!$AU$24 -> 12931600 | P19: =O19-L19 -> 931600 | Q19: =IFERROR(O19/L19-1,1) -> 0.077633333 | R19: =IF(O19>L19,"เพิ่มขึ้น",IF(O19<L19,"ลดลง",IF(O19=L19,"--"))) -> เพิ่มขึ้น | T19: 1 | U19: ='[25]Template OS-2570 '!$AP$24 -> 10781800 | W19: ='[8]Template OS-2570 '!$AX$24 -> 10781800
D20: -- | F20: 7. ค่าจ้าง/ค่าตอบแทน | H20: มี 2 ส่วน ดังนี้ | L20: =SUM(L21:L22) -> 4372900 | M20: =SUM(M21:M22) -> 2170381 | N20: =IFERROR(M20/L20,1) -> 0.49632532 | O20: =SUM(O21:O22) -> 4376900 | P20: =O20-L20 -> 4000 | Q20: =IFERROR(O20/L20-1,1) -> 0.00091472478 | R20: =IF(O20>L20,"เพิ่มขึ้น",IF(O20<L20,"ลดลง",IF(O20=L20,"--"))) -> เพิ่มขึ้น | S20: เพิ่มจากค่าจ้างแรงงานทำของ ดังนี้ | T20: - | U20: 0
B21: เอกสารแนบ สีแดง สงสัย | D21: 5031120000 | E21: A7-1 | G21: 7.1 ค่าจ้างแรงงาน/ทำของ-งานทั่วไป | H21: 1. ค่าซ่อมบัตร RFID และ ค่าตรวจสอบเครื่องอัดอากาศช่วยหายใจในการดับเพลิง | L21: ='สรุปใช้งบ 31กค'!$H$18 -> 31000 | M21: ='สรุปใช้งบ 31กค'!$L$18 -> 24931 | N21: =IFERROR(M21/L21,1) -> 0.80422581 | O21: ='[10]2570'!$C$22 -> 35000 | P21: =O21-L21 -> 4000 | Q21: =IFERROR(O21/L21-1,1) -> 0.12903226 | R21: =IF(O21>L21,"เพิ่มขึ้น",IF(O21<L21,"ลดลง",IF(O21=L21,"--"))) -> เพิ่มขึ้น | S21: ทำของ# 1. ตั้งสำรองกรณีฉุกเฉินเพิ่ม เช่น ราคาปรับตัวเพิ่มมาก มีค่าตรวจสอบใหม่ | T21: - | U21: 0
C22: 0k | D22: 5031143000 | E22: A7-2 | G22: 7.2 ค่าตอบแทนบุคคลภายนอกอื่น ๆ | H22: 2. ตร. ช่วยรักษาการณ์ ศปภ. | L22: ='สรุปใช้งบ 31กค'!$H$19 -> 4341900 | M22: ='สรุปใช้งบ 31กค'!$L$19 -> 2145450 | N22: =IFERROR(M22/L22,1) -> 0.494127 | O22: ='[11]2570'!$T$38 -> 4341900 | P22: =O22-L22 -> 0 | Q22: =IFERROR(O22/L22-1,1) -> 0 | R22: =IF(O22>L22,"เพิ่มขึ้น",IF(O22<L22,"ลดลง",IF(O22=L22,"--"))) -> -- | S22: 2. ตั้งตามอัตราที่บันทึกเลขที่ 5/66 กำหนด | T22: - | U22: 0
C23: ok | D23: 5031214000 | E23: A8 | F23: 8. ค่าซ่อมแซมและบํารุงรักษา - อุปกรณ์และระบบคอมฯ | H23: มี 3 ส่วน ดังนี้ | L23: =SUM(L24:L26) -> 2414500 | M23: =SUM(M24:M26) -> 1205595.8 | N23: =IFERROR(M23/L23,1) -> 0.49931487 | O23: =SUM(O24:O26) -> 1977164.4 | P23: =O23-L23 -> -437335.62 | Q23: =IFERROR(O23/L23-1,1) -> -0.18112886 | R23: =IF(O23>L23,"เพิ่มขึ้น",IF(O23<L23,"ลดลง",IF(O23=L23,"--"))) -> ลดลง | S23: ลดลงทั้ง 3 สัญญาดังนี้ | T23: =SUM(T24:T26) -> 2 | U23: =SUM(U24:U26) -> 2270889.4
H24: 1. ค่าซ่อมบำรุง CCTV | L24: 2263100 | M24: 1131525 | N24: =IFERROR(M24/L24,1) -> 0.49998895 | O24: ='[12]new 2570'!$E$7 -> 1844150 | P24: =O24-L24 -> -418950 | Q24: =IFERROR(O24/L24-1,1) -> -0.18512218 | R24: =IF(O24>L24,"เพิ่มขึ้น",IF(O24<L24,"ลดลง",IF(O24=L24,"--"))) -> ลดลง | S24: 1. -ปี 70 = สัญญาใหม่ เฉพาะ สนญ. -ปี 69 = ค่าซ่อมบำรุง CCTV สัญญารวมทั้ง สนญ. + สนภ. 3 แห่ง / ค่าบำรุง visitor management สนญ. + สพฐ. | T24: 1 | U24: ='[13]new 2570'!$F$7+'[13]new 2570'!$G$7 -> 2137875
H25: 2. จ้างบำรุงรักษาอุปกรณ์ Visitor Management (เครื่องอ่าน บัตรประชาชน, เครื่องอ่าน Passport, เครื่องถ่ายรูปบัตร) | L25: 106500 | M25: 53205.75 | N25: =IFERROR(M25/L25,1) -> 0.49958451 | O25: ='[12]new 2570'!$E$11 -> 133014.38 | P25: =O25-L25 -> 26514.375 | Q25: =IFERROR(O25/L25-1,1) -> 0.24896127 | R25: =IF(O25>L25,"เพิ่มขึ้น",IF(O25<L25,"ลดลง",IF(O25=L25,"--"))) -> เพิ่มขึ้น | T25: 1 | U25: ='[13]new 2570'!$F$11+'[13]new 2570'!$G$11 -> 133014.38
H26: 3. จ้างบำรุงรักษาเครื่องพิมพ์บัตร Access Card ยี่ห้อ Datacard | L26: 44900 | M26: 20865 | N26: =IFERROR(M26/L26,1) -> 0.46469933 | O26: ='[13]new 2570'!$E$15 -> 0 | P26: =O26-L26 -> -44900 | Q26: =IFERROR(O26/L26-1,1) -> -1 | R26: =IF(O26>L26,"เพิ่มขึ้น",IF(O26<L26,"ลดลง",IF(O26=L26,"--"))) -> ลดลง | S26: 2. ปี 70 ซื้อเครื่องใหม่ ให้มีเงื่อนไขซ่อมบำรุง (ระยะประกัน 3 ปี รวม MA) | T26: - | U26: 0
D27: 5031218000 | E27: A9 | F27: 9. ค่าวัสดุคอมพิวเตอร์ | H27: จัดหาบัตร Mifare /RFID /Access Card (บัตรพนักงาน) | L27: 147000 | M27: 46866 | N27: =IFERROR(M27/L27,1) -> 0.31881633 | O27: ='[14]2570'!$F$16 -> 195000 | P27: =O27-L27 -> 48000 | Q27: =IFERROR(O27/L27-1,1) -> 0.32653061 | R27: =IF(O27>L27,"เพิ่มขึ้น",IF(O27<L27,"ลดลง",IF(O27=L27,"--"))) -> เพิ่มขึ้น | S27: ราคาบัตร RFID เพิ่มขึ้นอย่างมีนัยสำคัญ (860 >> 2,500 บาท) ตั้งตามความต้องการใช้ในแต่ละปี โดยพิจารณา stock ที่มีอยู่ปัจุบันและตั้งให้พอใช้ทั้งปี 70 | T27: - | U27: 0
B28: เอกสารแนบ สีแดง สงสัย | D28: 5031219000 | E28: A10 | F28: 10. ค่าวัสดุทั่วไป | H28: 1.วัสดุในงานห้องบัตร เช่น บัตร RFID 2. วัสดุส่วนกลาง เช่น วัสดุสำนักงาน 3.วัสดุงาน รปภ. เช่น ถังดับเพลิง ผ้าคลุมรถ EV ฯลฯ | L28: ='สรุปใช้งบ 31กค'!H24 -> 305300 | M28: ='สรุปใช้งบ 31กค'!L24 -> 126239.72 | N28: =IFERROR(M28/L28,1) -> 0.41349401 | O28: ='[15]2570'!$E$8 -> 1580000 | P28: =O28-L28 -> 1274700 | Q28: =IFERROR(O28/L28-1,1) -> 4.1752375 | R28: =IF(O28>L28,"เพิ่มขึ้น",IF(O28<L28,"ลดลง",IF(O28=L28,"--"))) -> เพิ่มขึ้น | S28: ESG# มีรายการเพิ่มขึ้นอย่างมีนัยสำคัญดังนี้ -เพิ่มวัสดุเกี่ยวกับการระงับเหตุ EV ประมาณ 400,000.- -อุปกรณ์ห้องบัตร ประมาณ 370,000.- - อุปกรณ์เพื่อยกประสิทธิภาพระงับเหตุ ประมาณ 150,000.- - ถังดับเพลิง ประมาณ 800,000 บาท | T28: - | U28: 0
C29: 0k | D29: 5031138000 | E29: A11 | F29: 11. ค่าใช้จ่ายในการจัดงานและพิธีต่าง ๆ | H29: จัดงาน Financial Crime Investigation | L29: ='สรุปใช้งบ 31กค'!H26 -> 150000 | M29: ='สรุปใช้งบ 31กค'!L26 -> 0 | N29: =IFERROR(M29/L29,1) -> 0 | O29: ='[16]2570'!$D$13 -> 150000 | P29: =O29-L29 -> 0 | Q29: =IFERROR(O29/L29-1,1) -> 0 | R29: =IF(O29>L29,"เพิ่มขึ้น",IF(O29<L29,"ลดลง",IF(O29=L29,"--"))) -> -- | S29: -วางแผนจัด ก.ย.-ต.ค. (ปี 69 จัด 16-18 ก.ย.69) -จัดงานเหมือนปี69 (จัดอบรมซึ่งมีบุคคลภายนอก ไม่สามารถตั้งเป็นงบอบรมได้) | T29: - | U29: 0
C30: 0k | D30: 5031144000 | E30: A12 | F30: 12. ค่ารับรอง | H30: 1. ค่ารับรองของ ผอ. 2. ค่ารับรองของ ศปภ. 5 แห่ง | L30: ='สรุปใช้งบ 31กค'!H27 -> 80000 | M30: ='สรุปใช้งบ 31กค'!L27 -> 24068 | N30: =IFERROR(M30/L30,1) -> 0.30085 | O30: ='[17]2570'!$C$20 -> 80000 | P30: =O30-L30 -> 0 | Q30: =IFERROR(O30/L30-1,1) -> 0 | R30: =IF(O30>L30,"เพิ่มขึ้น",IF(O30<L30,"ลดลง",IF(O30=L30,"--"))) -> -- | S30: จำเป็นต้องสร้าง connection เหมือนเดิม | T30: - | U30: 0
C31: ok | D31: 5031134000 | E31: A13 | F31: 13. ค่าใช้จ่ายเดินทาง | H31: ค่าเบี้ยเลี้ยง ที่พัก และพาหนะเดินทาง มี 5 ส่วน ดังนี้ | L31: =SUM(L32:L35) -> 1597000 | M31: ='สรุปใช้งบ 31กค'!L28 -> 369502.95 | N31: =IFERROR(M31/L31,1) -> 0.23137317 | O31: =SUM(O32:O35) -> 1630000 | P31: =O31-L31 -> 33000 | Q31: =IFERROR(O31/L31-1,1) -> 0.020663745 | R31: =IF(O31>L31,"เพิ่มขึ้น",IF(O31<L31,"ลดลง",IF(O31=L31,"--"))) -> เพิ่มขึ้น | S31: ปรับกระบวนการ ศอก. ใช้คนตรวจน้อยลงเป็นสำคัญ | T31: - | U31: 0
H32: 1. ศปภ.เยี่ยมครอบครัว | L32: =Dataผลพิปี69!U63 -> 460000 | M32: n.a. | N32: =IFERROR(M32/L32,1) -> 1 | O32: ='[18]รวม คชจ.ปี 70'!$C$23 -> 480000 | P32: =O32-L32 -> 20000 | Q32: =IFERROR(O32/L32-1,1) -> 0.043478261 | R32: =IF(O32>L32,"เพิ่มขึ้น",IF(O32<L32,"ลดลง",IF(O32=L32,"--"))) -> เพิ่มขึ้น | S32: ดน.# 1.มีกลุ่มคนประจำต่างสำนักงานมากขึ้น | T32: - | U32: 0
H33: 2. ผู้บริหาร ศปก. / ศอก. เดินทางไปภูมิภาค /หชป.เวียนงาน | L33: =Dataผลพิปี69!U64 -> 587000 | M33: n.a. | N33: =IFERROR(M33/L33,1) -> 1 | O33: ='[18]รวม คชจ.ปี 70'!$C$24 -> 500000 | P33: =O33-L33 -> -87000 | Q33: =IFERROR(O33/L33-1,1) -> -0.14821124 | R33: =IF(O33>L33,"เพิ่มขึ้น",IF(O33<L33,"ลดลง",IF(O33=L33,"--"))) -> ลดลง | S33: ดน.# 2.ศอก./ศปภ. ใช้คนตรวจน้อยลง / ทริป ผอ. ลดลง | T33: - | U33: 0
H34: 3. ศปภ. โยกย้าย | L34: =Dataผลพิปี69!U65 -> 400000 | M34: n.a. | N34: =IFERROR(M34/L34,1) -> 1 | O34: ='[18]รวม คชจ.ปี 70'!$C$24 -> 500000 | P34: =O34-L34 -> 100000 | Q34: =IFERROR(O34/L34-1,1) -> 0.25 | R34: =IF(O34>L34,"เพิ่มขึ้น",IF(O34<L34,"ลดลง",IF(O34=L34,"--"))) -> เพิ่มขึ้น | S34: ดน.# 3.โยกย้ายมากขึ้น เมื่อหลักเกณฑ์ท้องถิ่นออกปีแรก | T34: - | U34: 0
H35: 4. งานสืบสวนและประมวลข่าว | L35: =Dataผลพิปี69!U66 -> 150000 | M35: n.a. | N35: =IFERROR(M35/L35,1) -> 1 | O35: ='[18]รวม คชจ.ปี 70'!$C$26 -> 150000 | P35: =O35-L35 -> 0 | Q35: =IFERROR(O35/L35-1,1) -> 0 | R35: =IF(O35>L35,"เพิ่มขึ้น",IF(O35<L35,"ลดลง",IF(O35=L35,"--"))) -> -- | S35: ดน.# 4. ตั้งเท่าปีก่อน /เพียงพอใช้ | T35: - | U35: 0
C36: ok | D36: 5031107000 | E36: A14 | F36: 14. ค่าธรรมเนียมอื่น ๆ | H36: 1. ค่าความถี่และค่าต่ออายุวิทยุสื่อสาร 2. ใบอนุญาตยุทธภัณฑ์ 3. ค่าตรวจรังสี พนง.รปภ. 7 เครื่อง และ 14 คน 4. ค่าจัดสรรคลื่นความถี่วิทยุ 5. ใบอนุญาตครอบครองเครื่องกำเนิดรังสี | L36: ='สรุปใช้งบ 31กค'!H29 -> 27000 | M36: ='สรุปใช้งบ 31กค'!L29 -> 1177 | N36: =IFERROR(M36/L36,1) -> 0.043592593 | O36: ='[19]2570'!$D$28 -> 40000 | P36: =O36-L36 -> 13000 | Q36: =IFERROR(O36/L36-1,1) -> 0.48148148 | R36: =IF(O36>L36,"เพิ่มขึ้น",IF(O36<L36,"ลดลง",IF(O36=L36,"--"))) -> เพิ่มขึ้น | S36: -ค่าธรรมเนียมใหม่ ได้แก่ ค่าบริการ Internet SIM รายปี สำหรับ Body Camara -สำรองฉุกเฉิน | T36: - | U36: 0 | W36: ปี 71
B37: มีโปรใช้ร่วมกัน | C37: เช็คโปร? | D37: 5031118000 | E37: A15-1 | F37: 15. ค่าสิทธิ์การใช้โปรแกรมส่วนงาน | H37: ใช้โปรแกรม Canva Pro 4 license | L37: ='สรุปใช้งบ 31กค'!H32 -> 6300 | M37: ='สรุปใช้งบ 31กค'!L32 -> 5550 | N37: =IFERROR(M37/L37,1) -> 0.88095238 | O37: ='[20]ค่าสิทธิการใช้โปรแกรม ปี 70'!$H$202 -> 8800 | P37: =O37-L37 -> 2500 | Q37: =IFERROR(O37/L37-1,1) -> 0.3968254 | R37: =IF(O37>L37,"เพิ่มขึ้น",IF(O37<L37,"ลดลง",IF(O37=L37,"--"))) -> เพิ่มขึ้น | S37: DATA# เพิ่ม 1 licence รวมเป็น 4 licence (ศอก. 2, ศสป. 1, ศปภ. 1) | T37: 4 | U37: ='[20]ค่าสิทธิการใช้โปรแกรม ปี 70'!$I$202 -> 8800 | W37: =U37 -> 8800
C38: ok | D38: 5031133000 | E38: A15-2 | F38: 16. ค่าสิทธิ์การใช้โปรแกรมส่วนกลาง | H38: ใช้โปรแกรม Adobe 1 license | L38: ='สรุปใช้งบ 31กค'!H33 -> 23000 | M38: =L38 -> 23000 | N38: =IFERROR(M38/L38,1) -> 1 | O38: ='[21]ค่าสิทธิการใช้โปรแกรม ปี 70'!$H$202 -> 48000 | P38: =O38-L38 -> 25000 | Q38: =IFERROR(O38/L38-1,1) -> 1.0869565 | R38: =IF(O38>L38,"เพิ่มขึ้น",IF(O38<L38,"ลดลง",IF(O38=L38,"--"))) -> เพิ่มขึ้น | S38: DATA# เพิ่ม 1 licence รวมเป็น 2 licence (พนง. 1,OS 1) + ราคาปรับตัวเพิ่ม | T38: 1 | U38: ='[21]ค่าสิทธิการใช้โปรแกรม ปี 70'!$I$202 -> 0
C39: ok | D39: 5031131000 | E39: A16 | F39: 17. ค่าใช้จ่ายในการสืบสวนเกี่ยวกับงาน รปภ. | H39: ใช้สืบสวนของ ทสส.1-2 | L39: ='สรุปใช้งบ 31กค'!H30 -> 220000 | M39: ='สรุปใช้งบ 31กค'!L30 -> 60000 | N39: =IFERROR(M39/L39,1) -> 0.27272727 | O39: ='[22]2570'!$E$7 -> 220000 | P39: =O39-L39 -> 0 | Q39: =IFERROR(O39/L39-1,1) -> 0 | R39: =IF(O39>L39,"เพิ่มขึ้น",IF(O39<L39,"ลดลง",IF(O39=L39,"--"))) -> -- | S39: ตั้งเท่าปีก่อน /เพียงพอใช้ | T39: - | U39: 0
C40: หน่วยงานที่ขอตั้ง | D40: 2. หมวดสินทรัพย์ถาวร | H40: จำนวนปี 69 | I40: ราคา @ ปี 69 | J40: จำนวนปี 70 | K40: ราคา @ ปี 70 | L40: =SUM(L41:L80) -> 29633600 | M40: =SUM(M41:M80) -> 25341985 | N40: =IFERROR(M40/L40,1) -> 0.8551774 | O40: =SUM(O41:O80) -> 35641500 | P40: =O40-L40 -> 6007900 | Q40: =IFERROR(O40/L40-1,1) -> 0.20273946 | R40: =IF(O40>L40,"เพิ่มขึ้น",IF(O40<L40,"ลดลง",IF(O40=L40,"--"))) -> เพิ่มขึ้น | U40: =SUM(U41:U80) -> 0
B41: รอแบบขอ / ฝจอ ไม่บวก 10% | C41: ฝจอ ไม่บวกราคา | D41: AUC | E41: B1 | F41: ระบบห้องควบคุม ฝรภ. อาคาร 1 และ 2 (Wall monitor ห้องควบคุม อาคาร 1, 2 และซื้อเครื่อง HDR จำนวน 9 เครื่อง และ work station จำนวน 1 เครื่องห้องควบคุมอาคาร 2) | H41: -- | I41: 0 | J41: 1 | K41: =ROUNDUP(1630894,-4) -> 1640000 | N41: =IFERROR(M41/L41,1) -> 1 | O41: =K41*J41 -> 1640000 | P41: =O41-L41 -> 1640000 | Q41: =IFERROR(O41/L41-1,1) -> 1 | R41: =IF(O41>L41,"เพิ่มขึ้น",IF(O41<L41,"ลดลง",IF(O41=L41,"--"))) -> เพิ่มขึ้น | S41: เป็นการปรับปรุงเพื่อให้รองรับการปฏิบัติงาน OS และการกำกับควบคุม OS ซึ่งผ่านการหารือ ฝจอ. ฝทส. ฝสภ. แล้ว
B42: รอแบบขอ | C42: ฝจอ ไม่บวกราคา | D42: AUC | E42: B2 | F42: ระบบแจ้งเตือนขอความช่วยเหลือเมื่อเกิดเหตุการณ์ไม่ปกติ (Auto dialer + Panic Switch) | H42: -- | I42: 0 | J42: 1 | K42: =ROUNDUP(150000,-4) -> 150000 | L42: 0 | M42: 0 | N42: =IFERROR(M42/L42,1) -> 1 | O42: =K42*J42 -> 150000 | P42: =O42-L42 -> 150000 | Q42: =IFERROR(O42/L42-1,1) -> 1 | R42: =IF(O42>L42,"เพิ่มขึ้น",IF(O42<L42,"ลดลง",IF(O42=L42,"--"))) -> เพิ่มขึ้น | S42: 1.Auto dialer: ติดตั้งอาคาร 1 + 2 ห้องละ 3 ตัว 2.Panic Switch: ติดตั้ง อาคาร ศรร.
B43: ราคาไม่รวมอุปกรณ์ ราคายังมียี่ห้อเดียว | C43: ศอก ราคา+5% | D43: AUC | E43: B3 | F43: รถขนส่ง (รถยนต์โดยสารแบบมีประตู 2 ด้าน +อุปกรณ์) | H43: -- | I43: 0 | J43: 2 | K43: =ROUNDUP((2339000+368508)*110%,-4) -> 2980000 | L43: 0 | M43: 0 | N43: =IFERROR(M43/L43,1) -> 1 | O43: =K43*J43 -> 5960000 | P43: =O43-L43 -> 5960000 | Q43: =IFERROR(O43/L43-1,1) -> 1 | R43: =IF(O43>L43,"เพิ่มขึ้น",IF(O43<L43,"ลดลง",IF(O43=L43,"--"))) -> เพิ่มขึ้น | S43: ทดแทนของเก่า อายุงาน 10 ปี (เกณฑ์อายุใช้งานธนาคาร 6 ปี)
C44: ศอก ราคา+5% | E44: B4 | F44: รถขนส่ง (รถยนต์ SUV +อุปกรณ์) | H44: -- | I44: 0 | J44: 1 | K44: =ROUNDUP((1904000+368508)*110%,-4) -> 2500000 | L44: 0 | M44: 0 | N44: =IFERROR(M44/L44,1) -> 1 | O44: =K44*J44 -> 2500000 | P44: =O44-L44 -> 2500000 | Q44: =IFERROR(O44/L44-1,1) -> 1 | R44: =IF(O44>L44,"เพิ่มขึ้น",IF(O44<L44,"ลดลง",IF(O44=L44,"--"))) -> เพิ่มขึ้น | S44: ทดแทนของเก่า อายุงาน 11 ปี (เกณฑ์อายุใช้งานธนาคาร 6 ปี) | W44: =P43+P44 -> 8460000
B45: คำขอขาดรหัสสินทรัพย์เดิม | C45: ฝจอ ไม่บวกราคา | D45: AUC | E45: B5 | F45: ระบบตรวจใต้ท้องรถยนต์ (UVSS) | H45: 1 | I45: ='ผลพิ69-สรุป'!I49 -> 3902400 | J45: 1 | K45: 1300000 | L45: ='สรุปใช้งบ 31กค'!H45 -> 3902400 | M45: ='สรุปใช้งบ 31กค'!L45 -> 1000000 | N45: =IFERROR(M45/L45,1) -> 0.25625256 | O45: =K45*J45 -> 1300000 | P45: =O45-L45 -> -2602400 | Q45: =IFERROR(O45/L45-1,1) -> -0.66687167 | R45: =IF(O45>L45,"เพิ่มขึ้น",IF(O45<L45,"ลดลง",IF(O45=L45,"--"))) -> ลดลง | S45: 1. ติดตั้งอาคาร ศรร. (ทดแทนของเดิม) 2. ปี 69 ตั้งงบซื้อยี่ห้อเดียวกับที่ติดตั้ง ต.1 แต่จัดซื้อจริง เปลี่ยนยี่ห้อสืบราคาได้ราคาต่ำสุดเป็นของ บ.apple scientific
C46: ศปภ ราคา+5% | D46: 1800012085 | E46: B6 | F46: =[23]แบบสำรวจอุปกรณ์!$D$22 -> อุปกรณ์เคลื่อนย้ายรถ | H46: -- | I46: 0 | J46: =[23]แบบสำรวจอุปกรณ์!$AB$22 -> 1 | K46: =ROUNDUP(23433*110%,-3) -> 26000 | L46: 0 | M46: 0 | N46: =IFERROR(M46/L46,1) -> 1 | O46: =K46*J46 -> 26000 | P46: =O46-L46 -> 26000 | Q46: =IFERROR(O46/L46-1,1) -> 1 | R46: =IF(O46>L46,"เพิ่มขึ้น",IF(O46<L46,"ลดลง",IF(O46=L46,"--"))) -> เพิ่มขึ้น | S46: ทดแทนของเดิมชำรุด
C47: ศอก | D47: 1800009014 | E47: B7 | F47: ระบบกล้อง CCTV ติดรถยนต์ แบบ IP Camera System (กล้องหน้ารถขนส่ง) | H47: -- | I47: 0 | J47: 10 | K47: =ROUNDUP((18990)*105%,-3) -> 20000 | L47: 0 | M47: 0 | N47: =IFERROR(M47/L47,1) -> 1 | O47: =K47*J47 -> 200000 | P47: =O47-L47 -> 200000 | Q47: =IFERROR(O47/L47-1,1) -> 1 | R47: =IF(O47>L47,"เพิ่มขึ้น",IF(O47<L47,"ลดลง",IF(O47=L47,"--"))) -> เพิ่มขึ้น | S47: ทดแทนของเดิมเสื่อมสภาพ มีปัญหาในการบันทึกภาพ
B48: รอปรับคำขอ | C48: ฝจอ | D48: 1800009015 | E48: B8 | F48: ระบบกล้อง CCTV ชนิด Fixed (แบบ box) | H48: -- | I48: 0 | J48: 3 | K48: =ROUNDUP((25000*107%),-3) -> 27000 | L48: 0 | M48: 0 | N48: =IFERROR(M48/L48,1) -> 1 | O48: =K48*J48 -> 81000 | P48: =O48-L48 -> 81000 | Q48: =IFERROR(O48/L48-1,1) -> 1 | R48: =IF(O48>L48,"เพิ่มขึ้น",IF(O48<L48,"ลดลง",IF(O48=L48,"--"))) -> เพิ่มขึ้น | S48: เพื่อให้มีกล้องสำรองเพียงพอตามความเหมาะสม ชึ่งเป็นไปตามบันทึกการประชุม กนร. ครั้งที่ 1/62 | W48: =SUM(O48:O49) -> 162000
F49: ระบบกล้อง CCTV ชนิด Fixed (แบบ Dome) | H49: -- | I49: 0 | J49: 3 | K49: =ROUNDUP((24500*107%),-3) -> 27000 | L49: 0 | M49: 0 | N49: =IFERROR(M49/L49,1) -> 1 | O49: =K49*J49 -> 81000 | P49: =O49-L49 -> 81000 | Q49: =IFERROR(O49/L49-1,1) -> 1 | R49: =IF(O49>L49,"เพิ่มขึ้น",IF(O49<L49,"ลดลง",IF(O49=L49,"--"))) -> เพิ่มขึ้น
F50: ระบบกล้อง CCTV ชนิด Fixed (แบบ Fisheye) | H50: -- | I50: 0 | J50: 4 | K50: =ROUNDUP((27500*107%),-3) -> 30000 | L50: 0 | M50: 0 | N50: =IFERROR(M50/L50,1) -> 1 | O50: =K50*J50 -> 120000 | P50: =O50-L50 -> 120000 | Q50: =IFERROR(O50/L50-1,1) -> 1 | R50: =IF(O50>L50,"เพิ่มขึ้น",IF(O50<L50,"ลดลง",IF(O50=L50,"--"))) -> เพิ่มขึ้น
D51: 1800009016 | F51: ระบบกล้อง CCTV ชนิด PTZ | H51: =10 -> 10 | I51: ='สรุปใช้งบ 31กค'!H44/10 -> 176550 | J51: =5+6 -> 11 | K51: =ROUNDUP((140000*107%),-1) -> 149800 | L51: ='สรุปใช้งบ 31กค'!H44 -> 1765500 | M51: ='สรุปใช้งบ 31กค'!L44 -> 1765500 | N51: =IFERROR(M51/L51,1) -> 1 | O51: =K51*J51 -> 1647800 | P51: =O51-L51 -> -117700 | Q51: =IFERROR(O51/L51-1,1) -> -0.066666667 | R51: =IF(O51>L51,"เพิ่มขึ้น",IF(O51<L51,"ลดลง",IF(O51=L51,"--"))) -> ลดลง | S51: ตั้งให้มี Stock พอตามบันทึกฯ กบร.ครั้งที่ 1/62
C52: ศอก | D52: 1800009017 | E52: B9 | F52: กล้องโทรทัศน์วงจรปิดตรวจการณ์ ชนิดติดตัว (Body Camera) แบบ Live Stream | H52: -- | I52: 0 | J52: 5 | K52: =ROUNDUP((59000*105%),-3) -> 62000 | L52: 0 | M52: 0 | N52: =IFERROR(M52/L52,1) -> 1 | O52: =K52*J52 -> 310000 | P52: =O52-L52 -> 310000 | Q52: =IFERROR(O52/L52-1,1) -> 1 | R52: =IF(O52>L52,"เพิ่มขึ้น",IF(O52<L52,"ลดลง",IF(O52=L52,"--"))) -> เพิ่มขึ้น | S52: เพิ่มประสิทธิภาพลาดตระเวรส่งภาพสู่ Wall Room โดยใช้ Wi-Fi และซิมอินเทอร์เน็ต ช่วยให้ศูนย์สั่งการติดตามการเดินตรวจและสั่งการระงับเหตุฉุกเฉินได้ทันที
C53: ศอก | D53: 1800012038 | E53: B10 | F53: กล้อง Thermal (จุดชาร์จ EV) | H53: -- | I53: 0 | J53: 2 | K53: =630000/2 -> 315000 | L53: 0 | M53: 0 | N53: =IFERROR(M53/L53,1) -> 1 | O53: =K53*J53 -> 630000 | P53: =O53-L53 -> 630000 | Q53: =IFERROR(O53/L53-1,1) -> 1 | R53: =IF(O53>L53,"เพิ่มขึ้น",IF(O53<L53,"ลดลง",IF(O53=L53,"--"))) -> เพิ่มขึ้น | S53: ระบบตรวจจับความร้อนสูงผิดปกติที่จุดเชื่อมต่อ สายชาร์จ หรือแบตเตอรี่รถยนต์ไฟฟ้าตั้งแต่ระยะเริ่มต้น เพื่อป้องกันเหตุเพลิงใหม้
B54: รอแบบคำขอ | C54: ศอก | E54: B11 | F54: กล้อง Thermal (ที่จอดรถชั้น 1-4) | H54: -- | I54: 0 | J54: 100 | K54: 120000 | L54: 0 | M54: 0 | N54: =IFERROR(M54/L54,1) -> 1 | O54: =K54*J54 -> 12000000 | P54: =O54-L54 -> 12000000 | Q54: =IFERROR(O54/L54-1,1) -> 1 | R54: =IF(O54>L54,"เพิ่มขึ้น",IF(O54<L54,"ลดลง",IF(O54=L54,"--"))) -> เพิ่มขึ้น
B55: ราคาไม่ตรง/คำขอขาดรหัสสินทรัพย์เดิม | C55: ฝจอ | D55: 1800009024 | E55: B12 | F55: ระบบตรวจจับการบุกรุก (Beam Detector) | H55: -- | I55: 0 | J55: 6 | K55: =ROUNDUP((171200/6),-3) -> 29000 | L55: 0 | M55: 0 | N55: =IFERROR(M55/L55,1) -> 1 | O55: =K55*J55 -> 174000 | P55: =O55-L55 -> 174000 | Q55: =IFERROR(O55/L55-1,1) -> 1 | R55: =IF(O55>L55,"เพิ่มขึ้น",IF(O55<L55,"ลดลง",IF(O55=L55,"--"))) -> เพิ่มขึ้น | S55: -ทดแทนของเดิม -อายุใช้งานปัจจุบัน 6-10 ปี แล้ว -ราคาต่อหน่วย = ราคาเฉลี่ย เนื่องจากแบ่งเป็น 3 รุ่น (ระยะไกล กลาง สั้น)
B56: คำขอ+5หมื่น/ซื้อใหม่ | C56: ฝจอ | D56: 1800009007 | E56: B13 | F56: เครื่อง X-Ray | H56: 1 | I56: 1765500 | J56: 1 | K56: =ROUNDUP((1738750*105%),-4) -> 1830000 | L56: ='สรุปใช้งบ 31กค'!H48 -> 1765500 | M56: ='สรุปใช้งบ 31กค'!L48 -> 1760000 | N56: =IFERROR(M56/L56,1) -> 0.99688474 | O56: =K56*J56 -> 1830000 | P56: =O56-L56 -> 64500 | Q56: =IFERROR(O56/L56-1,1) -> 0.03653356 | R56: =IF(O56>L56,"เพิ่มขึ้น",IF(O56<L56,"ลดลง",IF(O56=L56,"--"))) -> เพิ่มขึ้น | S56: -งบปี 70 ติดตั้งอาคาร 7 (เพิ่มจุดติดตั้ง) -งบปี 69 ติดตั้งอาคาร 2 (ทดแทนของเดิม)
B57: รอแบบคำขอ | C57: ฝจอ | D57: 1800009032 | E57: B14 | F57: เครื่องอ่าน RFID | H57: -- | I57: 0 | J57: 10 | K57: =ROUNDUP((1594300*105%),-4)/10 -> 168000 | L57: 0 | M57: 0 | N57: =IFERROR(M57/L57,1) -> 1 | O57: =K57*J57 -> 1680000 | P57: =O57-L57 -> 1680000 | Q57: =IFERROR(O57/L57-1,1) -> 1 | R57: =IF(O57>L57,"เพิ่มขึ้น",IF(O57<L57,"ลดลง",IF(O57=L57,"--"))) -> เพิ่มขึ้น | S57: -เปลี่ยนทุกจุด ปัจจุบันซ่อมเวียนใช้ อายุเกินไม่เหมาะซ่อมแล้ว -ปัจจุบันงานซ่อมแพงมาก การซื้อเครื่องที่ลดราคาค่าซ่อมด้วย
B58: ราคาไม่ตรง | C58: ฝจอ | D58: 1800009041 | E58: B15 | F58: เครื่องอ่านบัตร (Access Card Reader) บัตรเข้า-ออกส่วนงาน) | H58: -- | I58: 0 | J58: 10 | K58: =ROUNDUP((10165),-3) -> 11000 | L58: 0 | M58: 0 | N58: =IFERROR(M58/L58,1) -> 1 | O58: =K58*J58 -> 110000 | P58: =O58-L58 -> 110000 | Q58: =IFERROR(O58/L58-1,1) -> 1 | R58: =IF(O58>L58,"เพิ่มขึ้น",IF(O58<L58,"ลดลง",IF(O58=L58,"--"))) -> เพิ่มขึ้น | S58: -เป็น Stock ปกติควรมี 10 ตัว -ปัจจุบันอายุงาน 6-10 ปีแล้ว
C59: ศอก | E59: B16 | F59: เครื่องอ่านบัตร (บัตรประชาชน) | H59: -- | I59: 0 | J59: 5 | K59: =ROUNDUP((13500*107%)*105%,-3) -> 16000 | L59: 0 | M59: 0 | N59: =IFERROR(M59/L59,1) -> 1 | O59: =K59*J59 -> 80000 | P59: =O59-L59 -> 80000 | Q59: =IFERROR(O59/L59-1,1) -> 1 | R59: =IF(O59>L59,"เพิ่มขึ้น",IF(O59<L59,"ลดลง",IF(O59=L59,"--"))) -> เพิ่มขึ้น | S59: ทดแทนเครื่องเดิม เนื่องจากเครื่องเดิมยกเลิกการผลิต และไม่มีอะไหล่รองรับแล้ว
C60: ศอก | D60: 1800008011 | E60: B17 | F60: เครื่องถ่ายรูปบัตร B-Card | H60: -- | I60: 0 | J60: 7 | K60: =ROUNDUP((22200*107%)*105%,-3) -> 25000 | L60: 0 | M60: 0 | N60: =IFERROR(M60/L60,1) -> 1 | O60: =K60*J60 -> 175000 | P60: =O60-L60 -> 175000 | Q60: =IFERROR(O60/L60-1,1) -> 1 | R60: =IF(O60>L60,"เพิ่มขึ้น",IF(O60<L60,"ลดลง",IF(O60=L60,"--"))) -> เพิ่มขึ้น
C61: ศปภ | D61: 1800016041 | E61: B18 | F61: =[23]แบบสำรวจอุปกรณ์!$D$24 -> หมวกกันกระสุน (fast helmet) | H61: -- | I61: 0 | J61: 0 | K61: =[23]แบบสำรวจอุปกรณ์!$G$24 -> 10000 | L61: 0 | M61: 0 | N61: =IFERROR(M61/L61,1) -> 1 | O61: =K61*J61 -> 0 | P61: =O61-L61 -> 0 | Q61: =P61-M61 -> 0 | R61: =IF(O61>L61,"เพิ่มขึ้น",IF(O61<L61,"ลดลง",IF(O61=L61,"--"))) -> --
C62: ศอก | D62: 1800016041 | E62: B19 | F62: ปืนไฟฟ้า(Taser Gun) พร้อมชุดอุปกรณ์+กระสุนสำรอง | H62: -- | I62: 0 | J62: 7 | K62: =2156000/7 -> 308000 | L62: 0 | M62: 0 | N62: =IFERROR(M62/L62,1) -> 1 | O62: =K62*J62 -> 2156000 | P62: =O62-L62 -> 2156000 | Q62: =IFERROR(O62/L62-1,1) -> 1 | R62: =IF(O62>L62,"เพิ่มขึ้น",IF(O62<L62,"ลดลง",IF(O62=L62,"--"))) -> เพิ่มขึ้น | S62: เพื่อใช้จัดการเหตุที่ไม่ถึงระดับการใช้อาวุธปืน แต่มีความเสี่ยงสูง /ลดความเสี่ยงถูกฟ้องร้องกรณีจัดการเกินเหตุได้ (รบ.เห็นชอบแล้ว)
C63: ศอก | D63: 1800007034 | E63: B20 | F63: ตู้นิรภัย (ฝากอาวุธปืน ประจำ สนญ.) | H63: -- | I63: 0 | J63: 4 | K63: =38000/4 -> 9500 | L63: 0 | M63: 0 | N63: =IFERROR(M63/L63,1) -> 1 | O63: =K63*J63 -> 38000 | P63: =O63-L63 -> 38000 | Q63: =IFERROR(O63/L63-1,1) -> 1 | R63: =IF(O63>L63,"เพิ่มขึ้น",IF(O63<L63,"ลดลง",IF(O63=L63,"--"))) -> เพิ่มขึ้น | S63: เก็บอาวุธปืนก่อนเข้าปฏิบัติหน้าที่สายตรวจอาคาร ในจุดใต้กล้อง CCTV มีการล็อกที่แน่นหนา+เข้าถึงได้เฉพาะผู้มีอำนาจหน้าที่ ตามหลักนิรภัยสากล
C64: ศอก | D64: 1800011014 | E64: B21 | F64: เครื่องคอมพิวเตอร์ NoteBook | H64: -- | I64: 0 | J64: 4 | K64: 60000 | L64: 0 | M64: 0 | N64: =IFERROR(M64/L64,1) -> 1 | O64: =K64*J64 -> 240000 | P64: =O64-L64 -> 240000 | Q64: =IFERROR(O64/L64-1,1) -> 1 | R64: =IF(O64>L64,"เพิ่มขึ้น",IF(O64<L64,"ลดลง",IF(O64=L64,"--"))) -> เพิ่มขึ้น | S64: INFRA# ใช้ Monitor สัญญาณภาพสด จากกล้อง Body Camera ชนิด Live Stream ที่ติดตัวเจ้าหน้าที่ ฝรภ.สายตรวจ มายังห้องควบคุม ฝรภ. หรือ War Room
C65: ศปภ | D65: 1800011028 | E65: B22 | F65: เครื่องไมโครคอมพิวเตอร์ | H65: 1 | I65: ='สรุปใช้งบ 31กค'!H36 -> 38000 | J65: 30 | K65: ='[24]ราคาครุภัณฑ์ IT ปี 70'!$E$7 -> 62400 | L65: ='สรุปใช้งบ 31กค'!H36 -> 38000 | M65: =L65 -> 38000 | N65: =IFERROR(M65/L65,1) -> 1 | O65: =K65*J65 -> 1872000 | P65: =O65-L65 -> 1834000 | Q65: =IFERROR(O65/L65-1,1) -> 48.263158 | R65: =IF(O65>L65,"เพิ่มขึ้น",IF(O65<L65,"ลดลง",IF(O65=L65,"--"))) -> เพิ่มขึ้น | S65: INFRA# ทดแทนเครื่องเฉพาะกิจ สนญ. ที่มีอายุเกิน 5 ปี (ทุกเครื่อง 6 ปี)
B66: ทำไมใช้ราคาแพง | D66: 1800012060 | E66: B23 | F66: เครื่องอัดอากาศ (ช่วยหายใจในการผจญเพลิง) | H66: -- | I66: 0 | J66: =[23]แบบสำรวจอุปกรณ์!$AB$13 -> 1 | K66: 160700 | L66: 0 | M66: 0 | N66: =IFERROR(M66/L66,1) -> 1 | O66: =K66*J66 -> 160700 | P66: =O66-L66 -> 160700 | Q66: =IFERROR(O66/L66-1,1) -> 1 | R66: =IF(O66>L66,"เพิ่มขึ้น",IF(O66<L66,"ลดลง",IF(O66=L66,"--"))) -> เพิ่มขึ้น | S66: ทดแทนของเดิมที่ สนญ. ที่มีอายุ 18 ปี
B67: เป็นวัสด หรือครุภัณฑ์ | C67: ศปภ | D67: 1800016035 | E67: B24 | F67: ถังจ่ายอากาศ SCBA | H67: -- | I67: 0 | J67: 5 | K67: =ROUNDUP((363800/5)*105%,-4) -> 80000 | L67: 0 | M67: 0 | N67: =IFERROR(M67/L67,1) -> 1 | O67: =K67*J67 -> 400000 | P67: =O67-L67 -> 400000 | Q67: =IFERROR(O67/L67-1,1) -> 1 | R67: =IF(O67>L67,"เพิ่มขึ้น",IF(O67<L67,"ลดลง",IF(O67=L67,"--"))) -> เพิ่มขึ้น | S67: ทดแทนของเดิมที่ครบอายุการใช้งาน 20 ปี
C68: ศปภ | D68: 1800007024 | E68: B25 | F68: เก้าอี้อื่นๆ (ประจำห้องควบคุม ยี่ห้อMerryfair รุ่น WAU2) | H68: -- | I68: 0 | J68: =[23]แบบสำรวจอุปกรณ์!$AB$19 -> 6 | K68: 13333.333 | L68: 0 | M68: 0 | N68: =IFERROR(M68/L68,1) -> 1 | O68: =K68*J68 -> 80000 | P68: =O68-L68 -> 80000 | Q68: =IFERROR(O68/L68-1,1) -> 1 | R68: =IF(O68>L68,"เพิ่มขึ้น",IF(O68<L68,"ลดลง",IF(O68=L68,"--"))) -> เพิ่มขึ้น | S68: spec พิเศษ ฝจอ.ให้ ฝรภ. จัดหา
C69: 70ไม่ซื้อ | D69: 1800011031 | E69: B26 | F69: จอคอมพิวเตอร์ | H69: 1 | I69: ='สรุปใช้งบ 31กค'!L37 -> 8000 | J69: -- | K69: 0 | L69: =I69 -> 8000 | M69: 8000 | N69: =IFERROR(M69/L69,1) -> 1 | O69: 0 | P69: 0 | Q69: =IFERROR(O69/L69-1,1) -> -1 | R69: =IF(O69>L69,"เพิ่มขึ้น",IF(O69<L69,"ลดลง",IF(O69=L69,"--"))) -> ลดลง | S69: ='สรุปใช้งบ 31กค'!S37 -> 1.รอง ผอ. อนุมัติ PR แล้ว เมื่อ 2 เม.ย. 69 2.คาดว่าจะได้ PC Q4 3.EPR ใหม่ งบจออยู่ที่ส่วนงาน (PC NB ฝทส.จัดหา) | T69: =J69 -> -- | U69: =K69 -> 0
C70: 70ไม่ซื้อ | D70: 1800016008 | E70: B27 | F70: เสื้อเกราะกันกระสุน | H70: 21 | I70: =L70/H70 -> 32285.714 | J70: -- | K70: 0 | L70: ='สรุปใช้งบ 31กค'!H38 -> 678000 | M70: ='สรุปใช้งบ 31กค'!L38 -> 0 | N70: =IFERROR(M70/L70,1) -> 0 | O70: 0 | P70: 0 | Q70: =IFERROR(O70/L70-1,1) -> -1 | R70: =IF(O70>L70,"เพิ่มขึ้น",IF(O70<L70,"ลดลง",IF(O70=L70,"--"))) -> ลดลง | S70: ='สรุปใช้งบ 31กค'!S38 -> 1.กำลังทำ PR 2.คาดว่าเซ็นสัญญา เดือน ก.ย. 69 3.มีบริษัทน้อย จึงใช้วิธีคัดเลือก | T70: =J70 -> -- | U70: =K70 -> 0
C71: 70ไม่ซื้อ | D71: 1800014020 | E71: B28 | F71: เครื่องขยายเสียง โทรโข่ง - แบบสายสะพาย | H71: 3 | I71: ='สรุปใช้งบ 31กค'!H39 -> 23000 | J71: -- | K71: 0 | L71: =I71 -> 23000 | M71: ='สรุปใช้งบ 31กค'!M39 -> 0 | N71: =IFERROR(M71/L71,1) -> 0 | O71: 0 | P71: 0 | Q71: =IFERROR(O71/L71-1,1) -> -1 | R71: =IF(O71>L71,"เพิ่มขึ้น",IF(O71<L71,"ลดลง",IF(O71=L71,"--"))) -> ลดลง | S71: ='สรุปใช้งบ 31กค'!S39 -> 1.ได้แบบมาพร้อมราคา ทั้งสองอย่าง 2.รอหารือและเลือกแบบที่ต้องการ 3.คาดว่าได้ของ ปลายเดือน มิ.ย.- ต้น ก.ค. 69 | T71: =J71 -> -- | U71: =K71 -> 0
C72: 70ไม่ซื้อ | E72: B29 | F72: เครื่องขยายเสียง โทรโข่ง - แบบคาดเอว | H72: 1 | J72: -- | K72: 0 | O72: 0 | P72: 0 | Q72: =IFERROR(O72/L72-1,1) -> 1 | T72: =J72 -> -- | U72: =K72 -> 0
C73: 70ไม่ซื้อ | D73: 1800014095 | E73: B30 | F73: ปลาดาว (sound station) - ลำโพงห้องประชุม ฝรภ. | H73: 1 | I73: ='สรุปใช้งบ 31กค'!H40 -> 11000 | J73: -- | K73: 0 | L73: =I73 -> 11000 | M73: ='สรุปใช้งบ 31กค'!L40 -> 0 | N73: =IFERROR(M73/L73,1) -> 0 | O73: 0 | P73: 0 | Q73: =IFERROR(O73/L73-1,1) -> -1 | R73: =IF(O73>L73,"เพิ่มขึ้น",IF(O73<L73,"ลดลง",IF(O73=L73,"--"))) -> ลดลง | S73: ='สรุปใช้งบ 31กค'!S40 -> อยู่ระหว่างขอใบเสนอราคา 3 ราย เพื่อส่งให้ ฝทส.จัดหา | T73: =J73 -> -- | U73: =K73 -> 0
C74: 70ไม่ซื้อ | D74: 1800025016 | E74: B31 | F74: รถจักรยานยนต์ | H74: 1 | I74: ='สรุปใช้งบ 31กค'!H41 -> 112000 | J74: -- | K74: 0 | L74: =I74 -> 112000 | M74: ='สรุปใช้งบ 31กค'!L41 -> 105000 | N74: =IFERROR(M74/L74,1) -> 0.9375 | O74: 0 | P74: 0 | Q74: =IFERROR(O74/L74-1,1) -> -1 | R74: =IF(O74>L74,"เพิ่มขึ้น",IF(O74<L74,"ลดลง",IF(O74=L74,"--"))) -> ลดลง | S74: ='สรุปใช้งบ 31กค'!S41 -> 1.รอง ผอ.อนุมัติ PR แล้ว เมื่อ 6 มิ.ย. 69 2.คาดว่าได้รับของ ปลายเดือน มิ.ย. | T74: =J74 -> -- | U74: =K74 -> 0
C75: 70ไม่ซื้อ | D75: 1800009004 | E75: B32 | F75: เครื่องตรวจโลหะชนิดประตูเดินผ่าน (walk through) | H75: 1 | I75: =L75 -> 310000 | J75: -- | K75: 0 | L75: ='สรุปใช้งบ 31กค'!H42 -> 310000 | M75: ='สรุปใช้งบ 31กค'!L42 -> 256800 | N75: =IFERROR(M75/L75,1) -> 0.8283871 | O75: 0 | P75: 0 | Q75: =IFERROR(O75/L75-1,1) -> -1 | R75: =IF(O75>L75,"เพิ่มขึ้น",IF(O75<L75,"ลดลง",IF(O75=L75,"--"))) -> ลดลง | S75: ='สรุปใช้งบ 31กค'!S42 -> 1.รอง ผอ.อนุมัติ PR แล้ว เมื่อ 27 ก.ค. 69 2.คาดว่าเซ็นสัญญาไม่เกิน เดือน ส.ค. 69 | T75: =J75 -> -- | U75: =K75 -> 0
C76: 70ไม่ซื้อ | D76: 1800009031 | E76: B33 | F76: วิทยุสื่อสาร (walkie Talkie / วอดำ) | H76: 7 | I76: =L76 -> 56000 | J76: -- | K76: 0 | L76: ='สรุปใช้งบ 31กค'!H43 -> 56000 | M76: ='สรุปใช้งบ 31กค'!L43 -> 48685 | N76: =IFERROR(M76/L76,1) -> 0.869375 | O76: 0 | P76: 0 | Q76: =IFERROR(O76/L76-1,1) -> -1 | R76: =IF(O76>L76,"เพิ่มขึ้น",IF(O76<L76,"ลดลง",IF(O76=L76,"--"))) -> ลดลง | S76: ='สรุปใช้งบ 31กค'!S42 -> 1.รอง ผอ.อนุมัติ PR แล้ว เมื่อ 27 ก.ค. 69 2.คาดว่าเซ็นสัญญาไม่เกิน เดือน ส.ค. 69 | T76: =J76 -> -- | U76: =K76 -> 0
C77: 70ไม่ซื้อ | D77: 1800009013 | E77: B34 | F77: เครื่องควบคุมการผ่านเข้า-ออก รถยนต์ (ไม้กั้น) | H77: 8 | I77: =L77 -> 1753800 | J77: -- | K77: 0 | L77: ='สรุปใช้งบ 31กค'!H46 -> 1753800 | M77: 1430000 | N77: =IFERROR(M77/L77,1) -> 0.81537233 | O77: 0 | P77: 0 | Q77: =IFERROR(O77/L77-1,1) -> -1 | R77: =IF(O77>L77,"เพิ่มขึ้น",IF(O77<L77,"ลดลง",IF(O77=L77,"--"))) -> ลดลง | S77: ='สรุปใช้งบ 31กค'!S46 -> 1.ผอ.อนุมัติ PR แล้ว เมื่อ 15 พ.ค. 69 2.คาดว่าเซ็นสัญญาไม่เกิน เดือน ส.ค. 69 3.งบเหลือ 3.2 แสนบาท | T77: =J77 -> -- | U77: =K77 -> 0
C78: 70ไม่ซื้อ | D78: 2802609007 | E78: B35 | F78: เครื่องควบคุมการเปิด-ปิด (Access Control System) | H78: 1 | I78: ='สรุปใช้งบ 31กค'!H47 -> 13369200 | J78: -- | K78: 0 | L78: ='สรุปใช้งบ 31กค'!H47 -> 13369200 | M78: ='สรุปใช้งบ 31กค'!L47 -> 13100000 | N78: =IFERROR(M78/L78,1) -> 0.97986417 | O78: 0 | P78: 0 | Q78: =IFERROR(O78/L78-1,1) -> -1 | R78: =IF(O78>L78,"เพิ่มขึ้น",IF(O78<L78,"ลดลง",IF(O78=L78,"--"))) -> ลดลง | S78: ='สรุปใช้งบ 31กค'!S47 -> 1.ผอ.อนุมัติ PR แล้ว เมื่อ 21 พ.ค. 69 2.คาดว่าเซ็นสัญญาไม่เกิน เดือน ส.ค. 69 3.งบเหลือ 2.7 แสนบาท | T78: =J78 -> -- | U78: =K78 -> 0
C79: 70ไม่ซื้อ | D79: 2802509002 | E79: B36 | F79: ='สรุปใช้งบ 31กค'!C49 -> งานติดตั้งระบบกล้องวงจรปิด CCTV วังบางขุนพรหม วังเทเวศร์ อาคาร 6 | H79: 1 | I79: ='สรุปใช้งบ 31กค'!H49 -> 4651200 | J79: -- | K79: 0 | L79: ='สรุปใช้งบ 31กค'!H49 -> 4651200 | M79: ='สรุปใช้งบ 31กค'!L49 -> 4650000 | N79: =IFERROR(M79/L79,1) -> 0.999742 | O79: 0 | P79: 0 | Q79: =IFERROR(O79/L79-1,1) -> -1 | R79: =IF(O79>L79,"เพิ่มขึ้น",IF(O79<L79,"ลดลง",IF(O79=L79,"--"))) -> ลดลง | S79: ='สรุปใช้งบ 31กค'!S49 -> เสร็จแล้ว ตรวจรับแล้ว 2 เม.ย. 69 /ส่งมอบ 22 มิ.ย. 69 | T79: =J79 -> -- | U79: =K79 -> 0
C80: 70ไม่ซื้อ | D80: 2802509003 | E80: B37 | F80: ='สรุปใช้งบ 31กค'!C50 -> งานติดตั้งระบบกล้องวงจรปิด CCTV ห้องประชุมส่วนกลางอาคาร 1, 2, 7 | H80: 1 | I80: ='สรุปใช้งบ 31กค'!H50 -> 1190000 | J80: -- | K80: 0 | L80: ='สรุปใช้งบ 31กค'!H50 -> 1190000 | M80: ='สรุปใช้งบ 31กค'!L50 -> 1180000 | N80: =IFERROR(M80/L80,1) -> 0.99159664 | O80: 0 | P80: 0 | Q80: =IFERROR(O80/L80-1,1) -> -1 | R80: =IF(O80>L80,"เพิ่มขึ้น",IF(O80<L80,"ลดลง",IF(O80=L80,"--"))) -> ลดลง | S80: ='สรุปใช้งบ 31กค'!S50 -> เสร็จแล้ว ตรวจรับแล้ว 3 ก.พ. 69 /ส่งมอบ 22 ก.พ. 69 | T80: =J80 -> -- | U80: =K80 -> 0
D81: รวมงบประมาณรายจ่ายทั้งสิ้น (หมวด 1 + หมวด 2) | L81: =L5+L40 -> 109212000 | M81: =SUM(M40,M5) -> 61945702 | N81: =IFERROR(M81/L81,1) -> 0.567206 | O81: =SUM(O40,O5) -> 1.1937245e+08 | P81: =O81-L81 -> 10160454 | Q81: =IFERROR(O81/L81-1,1) -> 0.09303423 | R81: =IF(O81>L81,"เพิ่มขึ้น",IF(O81<L81,"ลดลง",IF(O81=L81,"--"))) -> เพิ่มขึ้น | S81: เพิมจากหมวดครุภัณฑ์ | T81: - | U81: =SUM(U40,U5) -> 1.0356309e+08
D85: หมายเหตุ
E86: B5 | F86: กล้อง CCTV ชนิด Fixed (แบบ Bullet) | H86: -- | I86: -- | L86: 0 | M86: 0 | N86: =IFERROR(M86/L86,1) -> 1 | O86: =K86*J86 -> 0 | P86: =O86-L86 -> 0 | R86: =IF(O86>L86,"เพิ่มขึ้น",IF(O86<L86,"ลดลง",IF(O86=L86,"--"))) -> -- | V86: 5

Sheet คำขอปึ70คชจ
B1: =(18990)*105% -> 19939.5 | C1: =80000/6 -> 13333.333 | D1: สรุปรายละเอียดคำขอตั้งงบประมาณของฝ่ายรักษาความปลอดภัย ประจำปี 2570 - สิ้นสุด
D3: รหัสงบฯ | E3: File ประกอบ | F3: ชื่องบประมาณ/ชื่อบัญชี | H3: คำนิยาม | L3: งบปี 2569 | O3: คำขอปี 2570 ( เพิ่มขึ้น / ลดลง ) | T3: คำขอปี 2570 - สิ้นสุด
L4: งบที่ได้ปี 69 +จัดสรรระหว่างปี | M4: ใช้ไป ณ 31 ก.ค. 69 | N4: %ใช้ไป ปี 2569 | O4: งบปี 2570 | P4: เทียบกับ ปี 2569 | Q4: % เทียบกับ ปี 2569 | R4: เปลี่ยนแปลง | S4: เหตุผล | T4: หน่วย | U4: จำนวนเงิน
D5: 1. หมวดค่าใช้จ่าย | L5: =SUM(L6,L9:L14,L20,L23,L27:L31,L36:L39) -> 83953200 | M5: =SUM(M6,M9:M14,M20,M23,M27:M31,M36:M39) -> 38792696 | N5: =IFERROR(M5/L5-1,1) -> -0.53792475 | O5: =SUM(O6,O9:O14,O20,O23,O27:O31,O36:O39) -> 83608454 | P5: =O5-L5 -> -344745.62 | Q5: =IFERROR(O5/L5-1,1) -> -0.0041064024 | R5: =IF(O5>L5,"เพิ่มขึ้น",IF(O5<L5,"ลดลง",IF(O5=L5,"--"))) -> ลดลง | S5: อัตรา ฝรภ. กำลังลดลง /จัดซื้อ OS ได้ราคาถูกลง /MA สนภ.ตั้งงบเอง | T5: =SUM(T14,T23,T37,T38) -> 12 | U5: =SUM(U6,U9:U14,U20,U23,U27:U31,U36:U39) -> 1.0356309e+08
D6: -- | F6: 1. ค่าตอบแทนการทำงานนอกเวลา | H6: มี 2 ส่วน ดังนี้ | L6: =SUM(L7:L8) -> 5950000 | M6: =SUM(M7:M8) -> 3752559.2 | N6: =IFERROR(M6/L6-1,1) -> -0.36931778 | O6: =SUM(O8:O8) -> 6200000 | P6: =O6-L6 -> 250000 | Q6: =IFERROR(O6/L6-1,1) -> 0.042016807 | R6: =IF(O6>L6,"เพิ่มขึ้น",IF(O6<L6,"ลดลง",IF(O6=L6,"--"))) -> เพิ่มขึ้น | S6: เพิ่มทั้งหมวด OT + ศปภ. เข้าเวร ดังนี้ | T6: - | U6: 0
C7: ok | D7: ='สรุปใช้งบ 31กค'!B11 -> 5020102000 | E7: A1-1 | G7: 1.1 ค่าล่วงเวลาและค่าตอบแทนการทำงานเกินเวลา | H7: 1.-ฝรภ.ปฏิบัติงานแทน OS หยุดงาน+เกิดเหตุไม่ปกติ -ศสป. ศอก. สนับสนุนงาน ศปภ. วันหยุด+นอกเวลางาน -ฝรภ. ปฏิบัติงานเร่งด่วน วันหยุด+นอกเวลางาน | L7: ='สรุปใช้งบ 31กค'!H11 -> 310000 | M7: ='สรุปใช้งบ 31กค'!L11 -> 263759.21 | N7: =IFERROR(M7/L7-1,1) -> -0.14916384 | O7: =[1]คำขอ2570!$F$8 -> 890000 | P7: =O7-L7 -> 580000 | Q7: =IFERROR(O7/L7-1,1) -> 1.8709677 | R7: =IF(O7>L7,"เพิ่มขึ้น",IF(O7<L7,"ลดลง",IF(O7=L7,"--"))) -> เพิ่มขึ้น | S7: 1.-ศปภ. ปรับการปฏิบัติงานให้สอดคล้อง กม.ใหม่ (หารือ ฝกม.แล้ว) -ศอก. ศสป. ตั้งเพิ่มจากเหตุปฏิบัติงานแทน OS เหตุบอกเลิกสัญญาปี 69 และสำรองงานเร่งด่วนนอกเวลา | T7: - | U7: 0
B8: มีปรับตาราง | C8: ok | D8: ='สรุปใช้งบ 31กค'!B12 -> 5020104000 | E8: A1-2 | G8: 1.2 เงินช่วยเหลือพิเศษ | H8: 2. ค่าเข้าเวร นอกเวลาปกติ/ วันหยุด | L8: ='สรุปใช้งบ 31กค'!H12 -> 5640000 | M8: ='สรุปใช้งบ 31กค'!L12 -> 3488800 | N8: =IFERROR(M8/L8-1,1) -> -0.38141844 | O8: ='[2]2570new'!$D$21 -> 6200000 | P8: =O8-L8 -> 560000 | Q8: =IFERROR(O8/L8-1,1) -> 0.09929078 | R8: =IF(O8>L8,"เพิ่มขึ้น",IF(O8<L8,"ลดลง",IF(O8=L8,"--"))) -> เพิ่มขึ้น | S8: 2.-อัตรากำลังลดลงจากปีก่อน 108 >> 103 คน -90% เป็น พนง.เก่าจึงต้องปรับฐานเงินเดือนเฉลี่ยเพิ่มอีก 2.5% เพื่อให้พอต่อการใช้จ่ายปี 70 | T8: - | U8: 0
B9: เอกสารแนบ สีแดง สงสัย | D9: ='สรุปใช้งบ 31กค'!B13 -> 5020305000 | E9: A2 | F9: 2. เงินช่วยเหลืออื่น ๆ (ปฏิบัติงานต่าง สนง.) | H9: 1. ค่าจัดซื้อของเหมาจ่าย (ให้ครั้งเดียว และเมื่อย้าย) 2. บ้านพัก/ค่าเช่าบ้าน @ 8,000/เดือน 3. เงินช่วยเหลือพิเศษ @ 5,500/เดือน | L9: ='สรุปใช้งบ 31กค'!H13 -> 6650000 | M9: ='สรุปใช้งบ 31กค'!$L$13 -> 2100323.9 | N9: =IFERROR(M9/L9-1,1) -> -0.68416183 | O9: ='[3]1. ต่างสำนักงาน Rate ปี 70'!$F$20 -> 4380000 | P9: =O9-L9 -> -2270000 | Q9: =IFERROR(O9/L9-1,1) -> -0.34135338 | R9: =IF(O9>L9,"เพิ่มขึ้น",IF(O9<L9,"ลดลง",IF(O9=L9,"--"))) -> ลดลง | S9: -อัตรากำลังลดลงจาก 108 >> 103 คน -ปี 70 ศปภ.ครบวงรอบย้ายลดลง | T9: - | U9: 0
B10: รอราคา | D10: ='สรุปใช้งบ 31กค'!B14 -> 5020304000 | E10: A3-1 | F10: 3.1 ค่าเสื้อผ้าและเครื่องแบบ | H10: แจก ชุดปฏิบัติการ / ชุดพิธีการ (พนง.เก่า 2 ชุด /พนง.ใหม่ 3 ชุด) | L10: ='สรุปใช้งบ 31กค'!H14 -> 457900 | M10: ='สรุปใช้งบ 31กค'!$L$14 -> 443910.8 | N10: =IFERROR(M10/L10-1,1) -> -0.030550775 | O10: 1204490 | P10: =O10-L10 -> 746590 | Q10: =IFERROR(O10/L10-1,1) -> 1.6304652 | R10: =IF(O10>L10,"เพิ่มขึ้น",IF(O10<L10,"ลดลง",IF(O10=L10,"--"))) -> เพิ่มขึ้น | S10: -เสื้อผ้าปรับราคาเพิ่มขึ้นมากต้องสืบราคาใหม่ -ปีก่อนๆใช้ราคามาตรฐานจาก ฝผง. ตั้งงบ ซึ่งประกาศมาตั้งแต่ปี 66 -ปี 70 จัดหาชุดพิธีการใหม่ในภาพรวมทั้งหมด -พนง.ใหม่ จัดหา 3 ชุด (ชุดพิธีการ 1 ชุด/ชุดปฏิบัติการ 2 ชุด) | T10: - | U10: 0 | X10: ตรวจเอกสารแนบ
C11: ok | D11: ='สรุปใช้งบ 31กค'!B15 -> 5020306000 | E11: A3-2 | F11: 3.2 ค่าเช่าอุปกรณ์ เครื่องมือ เครื่องใช้ (เช่าชุดสูท) | H11: เช่าชุดสูทปฏิบัติหน้าที่ | L11: 0 | M11: 0 | N11: =IFERROR(M11/L11-1,1) -> 1 | O11: ='[4]ค่าเช่าชุดสูท 70'!$E$9 -> 50000 | P11: =O11-L11 -> 50000 | Q11: =IFERROR(O11/L11-1,1) -> 1 | R11: =IF(O11>L11,"เพิ่มขึ้น",IF(O11<L11,"ลดลง",IF(O11=L11,"--"))) -> เพิ่มขึ้น | S11: ปี 70 เปลี่ยนวิธีจากเดิมตั้งงบค่าเสื้อผ้าเพื่อซื้อ/ตัด >เปลี่ยนเป็น> เช่าสูทเมื่อมีออก event ซึ่งทำให้ช่วยลดต้นทุนให้ธนาคารได้มาก | T11: - | U11: 0
C12: ok | D12: ='สรุปใช้งบ 31กค'!B15 -> 5020306000 | E12: A4 | F12: 4. คชจ.กิจกรรมส่งเสริมค่านิยมร่วมขององค์กร (สคส.) | H12: อัตรากำลัง @1,000.- ตามที่ ฝยว. กำหนด | L12: ='สรุปใช้งบ 31กค'!H15 -> 165000 | M12: ='สรุปใช้งบ 31กค'!$L$15 -> 26800.35 | N12: =IFERROR(M12/L12-1,1) -> -0.83757364 | O12: ='[5]2570'!$H$13 -> 145000 | P12: =O12-L12 -> -20000 | Q12: =IFERROR(O12/L12-1,1) -> -0.12121212 | R12: =IF(O12>L12,"เพิ่มขึ้น",IF(O12<L12,"ลดลง",IF(O12=L12,"--"))) -> ลดลง | S12: -อัตรากำลังลดลงจาก 165 >> 145 คน (อัตราที่ประกาศ) | T12: - | U12: 0
C13: ok | D13: ='สรุปใช้งบ 31กค'!B16 -> 5020402000 | E13: A5 | F13: 5. ค่าฝึกอบรมและพัฒนาพนักงาน | H13: งบฝึกอบรมและค่าใช้จ่ายในการเดินทางไปอบรม | L13: ='สรุปใช้งบ 31กค'!H16 -> 1522500 | M13: ='สรุปใช้งบ 31กค'!$L$16 -> 257470.89 | N13: =IFERROR(M13/L13-1,1) -> -0.8308894 | O13: ='[26]2570'!$H$15 -> 1522500 | P13: =O13-L13 -> 0 | Q13: =IFERROR(O13/L13-1,1) -> 0 | R13: =IF(O13>L13,"เพิ่มขึ้น",IF(O13<L13,"ลดลง",IF(O13=L13,"--"))) -> -- | S13: -ปี 70 = อัตราที่ประกาศทางการ 145 คน -ปี 69 = อัตราที่ยังไม่ประกาศทางการ 145 คน | T13: - | U13: 0
C14: ok | D14: ='สรุปใช้งบ 31กค'!B17 -> 5031116000 | E14: A6-1 (ปี69) | F14: 6. ค่าจ้างงานรักษาความปลอดภัย | H14: ค่าจ้าง OS 5 พื้นที่ทั้วประเทศ ดังนี้ | L14: =SUM(L15:L19) -> 55490000 | M14: =SUM(M15:M19) -> 25990272 | N14: =IFERROR(M14/L14-1,1) -> -0.53162243 | O14: =SUM(O15:O19) -> 59880600 | P14: =O14-L14 -> 4390600 | Q14: =IFERROR(O14/L14-1,1) -> 0.079124167 | R14: =IF(O14>L14,"เพิ่มขึ้น",IF(O14<L14,"ลดลง",IF(O14=L14,"--"))) -> เพิ่มขึ้น | S14: ทุกกลุ่ม : ปี 69 ราคากลางสืบใหม่ /ปี 70 ราคาตามสัญญาซึ่งถูกกว่าราคากลาง | T14: 5 | U14: =SUM(U15:U19) -> 101283400
H15: 1. กลุ่ม1-สนญ. | L15: =Dataผลพิปี69!U31 -> 25020000 | M15: ='[7]กลุ่ม 1'!$H$25 -> 13844752 | N15: =IFERROR(M15/L15-1,1) -> -0.44665258 | O15: ='[25]Template OS-2570 '!$AU$10+'[25]Template OS-2570 '!$AU$11+'[25]Template OS-2570 '!$AU$12 -> 30297600 | P15: =O15-L15 -> 5277600 | Q15: =IFERROR(O15/L15-1,1) -> 0.21093525 | R15: =IF(O15>L15,"เพิ่มขึ้น",IF(O15<L15,"ลดลง",IF(O15=L15,"--"))) -> เพิ่มขึ้น | S15: 1.กลุ่ม 1, 5 เพิ่มเนื่องจาก - กลุ่ม 1 ตั้งแต่ ธ.ค. 69 เพิ่ม 0S ห้องควบคุม 4 คน - กลุ่ม 5 ปี 70 สืบราคาเพื่อจัดซื้อใหม่ หลังบอกเลิกสัญญา สูงกว่าราคาปี 69 | T15: 1 | U15: ='[25]Template OS-2570 '!$BK$12 -> 76479500
H16: 2. กลุ่ม2-สภน./ศชม. | L16: =Dataผลพิปี69!U32 -> 6100000 | M16: =[7]กลุ่ม2!$H$43 -> 3041731.3 | N16: =IFERROR(M16/L16-1,1) -> -0.50135553 | O16: ='[25]Template OS-2570 '!$AU$14 -> 5243500 | P16: =O16-L16 -> -856500 | Q16: =IFERROR(O16/L16-1,1) -> -0.14040984 | R16: =IF(O16>L16,"เพิ่มขึ้น",IF(O16<L16,"ลดลง",IF(O16=L16,"--"))) -> ลดลง | T16: 1 | U16: ='[25]Template OS-2570 '!$BK$14 -> 4372900
C17: ok | E17: A6-2 (ปี70) | H17: 3. กลุ่ม3-สภอ. | L17: =Dataผลพิปี69!U33 -> 6170000 | M17: =[9]กลุ่ม3!$H$43 -> 1942537.4 | N17: =IFERROR(M17/L17-1,1) -> -0.68516412 | O17: ='[25]Template OS-2570 '!$AU$18 -> 5458400 | P17: =O17-L17 -> -711600 | Q17: =IFERROR(O17/L17-1,1) -> -0.11533225 | R17: =IF(O17>L17,"เพิ่มขึ้น",IF(O17<L17,"ลดลง",IF(O17=L17,"--"))) -> ลดลง | T17: 1 | U17: ='[25]Template OS-2570 '!$BK$18 -> 4688000
H18: 4. กลุ่ม4-สภต./ศหญ. ศสร. ศพง. | L18: =Dataผลพิปี69!U34 -> 6200000 | M18: =[9]กลุ่ม4!$H$43 -> 3452552.2 | N18: =IFERROR(M18/L18-1,1) -> -0.44313675 | O18: ='[25]Template OS-2570 '!$AU$20 -> 5949500 | P18: =O18-L18 -> -250500 | Q18: =IFERROR(O18/L18-1,1) -> -0.040403226 | R18: =IF(O18>L18,"เพิ่มขึ้น",IF(O18<L18,"ลดลง",IF(O18=L18,"--"))) -> ลดลง | S18: 2. กลุ่ม 2-5 ลดลงเนื่องจาก -กลุ่ม 2, 4 เป็นราคาราคาตามสัญญาซึ่งถูกกว่าราคากลางปี 69 -กลุ่ม 3 ราคาสัญญาหลัง stop gap สืบใหม่ปี 70 ใช้ราคาสัญญา บ.ขอนแก่น +3% | T18: 1 | U18: ='[25]Template OS-2570 '!$BK$20 -> 4961200
H19: 5. กลุ่ม5-สอบ. ศรย. | L19: =Dataผลพิปี69!U35 -> 12000000 | M19: =[9]กลุ่ม5!$H$53 -> 3708698.3 | N19: =IFERROR(M19/L19-1,1) -> -0.69094181 | O19: ='[25]Template OS-2570 '!$AU$24 -> 12931600 | P19: =O19-L19 -> 931600 | Q19: =IFERROR(O19/L19-1,1) -> 0.077633333 | R19: =IF(O19>L19,"เพิ่มขึ้น",IF(O19<L19,"ลดลง",IF(O19=L19,"--"))) -> เพิ่มขึ้น | T19: 1 | U19: ='[25]Template OS-2570 '!$AP$24 -> 10781800
D20: -- | F20: 7. ค่าจ้าง/ค่าตอบแทน | H20: มี 2 ส่วน ดังนี้ | L20: =SUM(L21:L22) -> 4372900 | M20: =SUM(M21:M22) -> 2170381 | N20: =IFERROR(M20/L20-1,1) -> -0.50367468 | O20: =SUM(O21:O22) -> 4376900 | P20: =O20-L20 -> 4000 | Q20: =IFERROR(O20/L20-1,1) -> 0.00091472478 | R20: =IF(O20>L20,"เพิ่มขึ้น",IF(O20<L20,"ลดลง",IF(O20=L20,"--"))) -> เพิ่มขึ้น | S20: เพิ่มจากค่าจ้างแรงงานทำของ ดังนี้ | T20: - | U20: 0
B21: เอกสารแนบ สีแดง สงสัย | D21: ='สรุปใช้งบ 31กค'!B18 -> 5031120000 | E21: A7-1 | G21: 7.1 ค่าจ้างแรงงาน/ทำของ-งานทั่วไป | H21: 1. ค่าซ่อมบัตร RFID และ ค่าตรวจสอบเครื่องอัดอากาศช่วยหายใจในการดับเพลิง | L21: ='สรุปใช้งบ 31กค'!$H$18 -> 31000 | M21: ='สรุปใช้งบ 31กค'!$L$18 -> 24931 | N21: =IFERROR(M21/L21-1,1) -> -0.19577419 | O21: ='[10]2570'!$C$22 -> 35000 | P21: =O21-L21 -> 4000 | Q21: =IFERROR(O21/L21-1,1) -> 0.12903226 | R21: =IF(O21>L21,"เพิ่มขึ้น",IF(O21<L21,"ลดลง",IF(O21=L21,"--"))) -> เพิ่มขึ้น | S21: 1. ตั้งสำรองกรณีฉุกเฉินเพิ่ม เช่น ราคาปรับตัวเพิ่มมาก มีค่าตรวจสอบใหม่ | T21: - | U21: 0
C22: 0k | D22: ='สรุปใช้งบ 31กค'!B19 -> 5031143000 | E22: A7-2 | G22: 7.2 ค่าตอบแทนบุคคลภายนอกอื่น ๆ | H22: 2. ตร. ช่วยรักษาการณ์ ศปภ. | L22: ='สรุปใช้งบ 31กค'!$H$19 -> 4341900 | M22: ='สรุปใช้งบ 31กค'!$L$19 -> 2145450 | N22: =IFERROR(M22/L22-1,1) -> -0.505873 | O22: ='[11]2570'!$T$38 -> 4341900 | P22: =O22-L22 -> 0 | Q22: =IFERROR(O22/L22-1,1) -> 0 | R22: =IF(O22>L22,"เพิ่มขึ้น",IF(O22<L22,"ลดลง",IF(O22=L22,"--"))) -> -- | S22: 2. ตั้งตามอัตราที่บันทึกเลขที่ 5/66 กำหนด | T22: - | U22: 0
C23: ok | D23: 5031214000 | E23: A8 | F23: 8. ค่าซ่อมแซมและบํารุงรักษา - อุปกรณ์และระบบคอมฯ | H23: มี 3 ส่วน ดังนี้ | L23: =SUM(L24:L26) -> 6789300 | M23: =SUM(M24:M26) -> 3394575 | N23: =IFERROR(M23/L23-1,1) -> -0.50001105 | O23: =SUM(O24:O26) -> 1977164.4 | P23: =O23-L23 -> -4812135.6 | Q23: =IFERROR(O23/L23-1,1) -> -0.70878229 | R23: =IF(O23>L23,"เพิ่มขึ้น",IF(O23<L23,"ลดลง",IF(O23=L23,"--"))) -> ลดลง | S23: ลดลงทั้ง 3 สัญญาดังนี้ | T23: =SUM(T24:T26) -> 2 | U23: =SUM(U24:U26) -> 2270889.4
H24: 1. ค่าซ่อมบำรุง CCTV | L24: ='สรุปใช้งบ 31กค'!$I$21 -> 2263100 | M24: ='สรุปใช้งบ 31กค'!$L$21 -> 1131525 | N24: =IFERROR(M24/L24-1,1) -> -0.50001105 | O24: ='[12]new 2570'!$E$7 -> 1844150 | P24: =O24-L24 -> -418950 | Q24: =IFERROR(O24/L24-1,1) -> -0.18512218 | R24: =IF(O24>L24,"เพิ่มขึ้น",IF(O24<L24,"ลดลง",IF(O24=L24,"--"))) -> ลดลง | S24: 1. -ปี 70 = สัญญาใหม่ เฉพาะ สนญ. -ปี 69 = ค่าซ่อมบำรุง CCTV สัญญารวมทั้ง สนญ. + สนภ. 3 แห่ง / ค่าบำรุง visitor management สนญ. + สพฐ. | T24: 1 | U24: ='[13]new 2570'!$F$7+'[13]new 2570'!$G$7 -> 2137875
H25: 2. จ้างบำรุงรักษาอุปกรณ์ Visitor Management (เครื่องอ่านบัตรประชาชน, เครื่องอ่าน Passport, เครื่องถ่ายรูปบัตร) | L25: ='สรุปใช้งบ 31กค'!$I$21 -> 2263100 | M25: ='สรุปใช้งบ 31กค'!$L$21 -> 1131525 | N25: =IFERROR(M25/L25-1,1) -> -0.50001105 | O25: ='[12]new 2570'!$E$11 -> 133014.38 | P25: =O25-L25 -> -2130085.6 | Q25: =IFERROR(O25/L25-1,1) -> -0.9412247 | R25: =IF(O25>L25,"เพิ่มขึ้น",IF(O25<L25,"ลดลง",IF(O25=L25,"--"))) -> ลดลง | T25: 1 | U25: ='[13]new 2570'!$F$11+'[13]new 2570'!$G$11 -> 133014.38
H26: 3. จ้างบำรุงรักษาเครื่องพิมพ์บัตร Access Card ยี่ห้อ Datacard | L26: ='สรุปใช้งบ 31กค'!$I$21 -> 2263100 | M26: ='สรุปใช้งบ 31กค'!$L$21 -> 1131525 | N26: =IFERROR(M26/L26-1,1) -> -0.50001105 | O26: ='[13]new 2570'!$E$15 -> 0 | P26: =O26-L26 -> -2263100 | Q26: =IFERROR(O26/L26-1,1) -> -1 | R26: =IF(O26>L26,"เพิ่มขึ้น",IF(O26<L26,"ลดลง",IF(O26=L26,"--"))) -> ลดลง | S26: 2. ปี 70 ซื้อเครื่องใหม่ ให้มีเงื่อนไขซ่อมบำรุง (ระยะประกัน 3 ปี รวม MA) | T26: - | U26: 0
D27: ='สรุปใช้งบ 31กค'!B31 -> 5031218000 | E27: A9 | F27: 9. ค่าวัสดุคอมพิวเตอร์ | H27: จัดหาบัตร Mifare /RFID /Access Card (บัตรพนักงาน) | L27: ='สรุปใช้งบ 31กค'!H31 -> 147000 | M27: ='สรุปใช้งบ 31กค'!L31 -> 46866 | N27: =IFERROR(M27/L27-1,1) -> -0.68118367 | O27: ='[14]2570'!$F$16 -> 195000 | P27: =O27-L27 -> 48000 | Q27: =IFERROR(O27/L27-1,1) -> 0.32653061 | R27: =IF(O27>L27,"เพิ่มขึ้น",IF(O27<L27,"ลดลง",IF(O27=L27,"--"))) -> เพิ่มขึ้น | S27: ราคาบัตร RFID เพิ่มขึ้นอย่างมีนัยสำคัญ (860 >> 2,500 บาท) ตั้งตามความต้องการใช้ในแต่ละปี โดยพิจารณา stock ที่มีอยู่ปัจุบันและตั้งให้พอใช้ทั้งปี 70 | T27: - | U27: 0
B28: เอกสารแนบ สีแดง สงสัย | D28: 5031219000 | E28: A10 | F28: 10. ค่าวัสดุทั่วไป | H28: 1.วัสดุในงานห้องบัตร เช่น บัตร RFID 2. วัสดุส่วนกลาง เช่น วัสดุสำนักงาน 3.วัสดุงาน รปภ. เช่น ถังดับเพลิง ผ้าคลุมรถ EV ฯลฯ | L28: ='สรุปใช้งบ 31กค'!H24 -> 305300 | M28: ='สรุปใช้งบ 31กค'!L24 -> 126239.72 | N28: =IFERROR(M28/L28-1,1) -> -0.58650599 | O28: ='[15]2570'!$E$8 -> 1580000 | P28: =O28-L28 -> 1274700 | Q28: =IFERROR(O28/L28-1,1) -> 4.1752375 | R28: =IF(O28>L28,"เพิ่มขึ้น",IF(O28<L28,"ลดลง",IF(O28=L28,"--"))) -> เพิ่มขึ้น | S28: มีรายการเพิ่มขึ้นอย่างมีนัยสำคัญดังนี้ -เพิ่มวัสดุเกี่ยวกับการระงับเหตุ EV ประมาณ 400,000.- -อุปกรณ์ห้องบัตร ประมาณ 370,000.- - อุปกรณ์เพื่อยกประสิทธิภาพระงับเหตุ ประมาณ 150,000.- | T28: - | U28: 0
C29: 0k | D29: ='สรุปใช้งบ 31กค'!B26 -> 5031138000 | E29: A11 | F29: 11. ค่าใช้จ่ายในการจัดงานและพิธีต่าง ๆ | H29: จัดงาน Financial Crime Investigation | L29: ='สรุปใช้งบ 31กค'!H26 -> 150000 | M29: ='สรุปใช้งบ 31กค'!L26 -> 0 | N29: =IFERROR(M29/L29-1,1) -> -1 | O29: ='[16]2570'!$D$13 -> 150000 | P29: =O29-L29 -> 0 | Q29: =IFERROR(O29/L29-1,1) -> 0 | R29: =IF(O29>L29,"เพิ่มขึ้น",IF(O29<L29,"ลดลง",IF(O29=L29,"--"))) -> -- | S29: -วางแผนจัด ก.ย.-ต.ค. 69 (ปี 69 จัด 16-18 ก.ย.69) -จัดงานเหมือนปี69 (จัดอบรมซึ่งมีบุคคลภายนอก ไม่สามารถตั้งเป็นงบอบรมได้) | T29: - | U29: 0
C30: 0k | D30: ='สรุปใช้งบ 31กค'!B27 -> 5031144000 | E30: A12 | F30: 12. ค่ารับรอง | H30: 1. ค่ารับรองของ ผอ. 2. ค่ารับรองของ ศปภ. 5 แห่ง | L30: ='สรุปใช้งบ 31กค'!H27 -> 80000 | M30: ='สรุปใช้งบ 31กค'!L27 -> 24068 | N30: =IFERROR(M30/L30-1,1) -> -0.69915 | O30: ='[17]2570'!$C$20 -> 80000 | P30: =O30-L30 -> 0 | Q30: =IFERROR(O30/L30-1,1) -> 0 | R30: =IF(O30>L30,"เพิ่มขึ้น",IF(O30<L30,"ลดลง",IF(O30=L30,"--"))) -> -- | S30: จำเป็นต้องสร้าง connection เหมือนเดิม | T30: - | U30: 0
C31: ok | D31: ='สรุปใช้งบ 31กค'!B28 -> 5031134000 | E31: A13 | F31: 13. ค่าใช้จ่ายเดินทาง | H31: ค่าเบี้ยเลี้ยง ที่พัก และพาหนะเดินทาง มี 5 ส่วน ดังนี้ | L31: =SUM(L32:L35) -> 1597000 | M31: ='สรุปใช้งบ 31กค'!L28 -> 369502.95 | N31: =IFERROR(M31/L31-1,1) -> -0.76862683 | O31: =SUM(O32:O35) -> 1550000 | P31: =O31-L31 -> -47000 | Q31: =IFERROR(O31/L31-1,1) -> -0.029430182 | R31: =IF(O31>L31,"เพิ่มขึ้น",IF(O31<L31,"ลดลง",IF(O31=L31,"--"))) -> ลดลง | S31: ปรับกระบวนการ ศอก. ใช้คนตรวจน้อยลงเป็นสำคัญ | T31: - | U31: 0
H32: 1. ศปภ.เยี่ยมครอบครัว | L32: =Dataผลพิปี69!U63 -> 460000 | M32: n.a. | N32: =IFERROR(M32/L32-1,1) -> 1 | O32: ='[18]รวม คชจ.ปี 70'!$C$23 -> 480000 | P32: =O32-L32 -> 20000 | Q32: =IFERROR(O32/L32-1,1) -> 0.043478261 | R32: =IF(O32>L32,"เพิ่มขึ้น",IF(O32<L32,"ลดลง",IF(O32=L32,"--"))) -> เพิ่มขึ้น | S32: 1.มีกลุ่มคนประจำต่างสำนักงานมากขึ้น | T32: - | U32: 0
H33: 2. ผู้บริหาร ศปก. / ศอก. เดินทางไปภูมิภาค /หชป.เวียนงาน | L33: =Dataผลพิปี69!U64 -> 587000 | M33: n.a. | N33: =IFERROR(M33/L33-1,1) -> 1 | O33: ='[18]รวม คชจ.ปี 70'!$C$24 -> 500000 | P33: =O33-L33 -> -87000 | Q33: =IFERROR(O33/L33-1,1) -> -0.14821124 | R33: =IF(O33>L33,"เพิ่มขึ้น",IF(O33<L33,"ลดลง",IF(O33=L33,"--"))) -> ลดลง | S33: 2.ศอก./ศปภ. ใช้คนตรวจน้อยลง / ทริป ผอ. ลดลง | T33: - | U33: 0
H34: 3. ศปภ. โยกย้าย | L34: =Dataผลพิปี69!U65 -> 400000 | M34: n.a. | N34: =IFERROR(M34/L34-1,1) -> 1 | O34: ='[18]รวม คชจ.ปี 70'!$C$25 -> 420000 | P34: =O34-L34 -> 20000 | Q34: =IFERROR(O34/L34-1,1) -> 0.05 | R34: =IF(O34>L34,"เพิ่มขึ้น",IF(O34<L34,"ลดลง",IF(O34=L34,"--"))) -> เพิ่มขึ้น | S34: 3.โยกย้ายมากขึ้น เมื่อหลักเกณฑ์ท้องถิ่นออกปีแรก | T34: - | U34: 0
H35: 4. งานสืบสวนและประมวลข่าว | L35: =Dataผลพิปี69!U66 -> 150000 | M35: n.a. | N35: =IFERROR(M35/L35-1,1) -> 1 | O35: ='[18]รวม คชจ.ปี 70'!$C$26 -> 150000 | P35: =O35-L35 -> 0 | Q35: =IFERROR(O35/L35-1,1) -> 0 | R35: =IF(O35>L35,"เพิ่มขึ้น",IF(O35<L35,"ลดลง",IF(O35=L35,"--"))) -> -- | S35: 4. ตั้งเท่าปีก่อน /เพียงพอใช้ | T35: - | U35: 0
C36: ok | D36: ='สรุปใช้งบ 31กค'!B29 -> 5031107000 | E36: A14 | F36: 14. ค่าธรรมเนียมอื่น ๆ | H36: 1. ค่าความถี่และค่าต่ออายุวิทยุสื่อสาร 2. ใบอนุญาตยุทธภัณฑ์ 3. ค่าตรวจรังสี พนง.รปภ. 7 เครื่อง และ 14 คน 4. ค่าจัดสรรคลื่นความถี่วิทยุ 5. ใบอนุญาตครอบครองเครื่องกำเนิดรังสี | L36: ='สรุปใช้งบ 31กค'!H29 -> 27000 | M36: ='สรุปใช้งบ 31กค'!L29 -> 1177 | N36: =IFERROR(M36/L36-1,1) -> -0.95640741 | O36: ='[19]2570'!$D$28 -> 40000 | P36: =O36-L36 -> 13000 | Q36: =IFERROR(O36/L36-1,1) -> 0.48148148 | R36: =IF(O36>L36,"เพิ่มขึ้น",IF(O36<L36,"ลดลง",IF(O36=L36,"--"))) -> เพิ่มขึ้น | S36: -ค่าธรรมเนียมใหม่ ได้แก่ ค่าบริการ Internet SIM รายปี สำหรับ Body Camara -สำรองฉุกเฉิน | T36: - | U36: 0
B37: มีโปรใช้ร่วมกัน | C37: เช็คโปร? | D37: ='สรุปใช้งบ 31กค'!B32 -> 5031118000 | E37: A15-1 | F37: 15. ค่าสิทธิ์การใช้โปรแกรมส่วนงาน | H37: ใช้โปรแกรม Canva Pro 4 license | L37: ='สรุปใช้งบ 31กค'!H32 -> 6300 | M37: ='สรุปใช้งบ 31กค'!L32 -> 5550 | N37: =IFERROR(M37/L37-1,1) -> -0.11904762 | O37: ='[20]ค่าสิทธิการใช้โปรแกรม ปี 70'!$H$202 -> 8800 | P37: =O37-L37 -> 2500 | Q37: =IFERROR(O37/L37-1,1) -> 0.3968254 | R37: =IF(O37>L37,"เพิ่มขึ้น",IF(O37<L37,"ลดลง",IF(O37=L37,"--"))) -> เพิ่มขึ้น | S37: เพิ่ม 1 licence รวมเป็น 4 licence (ศอก. 2, ศสป. 1, ศปภ. 1) | T37: 4 | U37: ='[20]ค่าสิทธิการใช้โปรแกรม ปี 70'!$I$202 -> 8800
C38: ok | D38: ='สรุปใช้งบ 31กค'!B33 -> 5031133000 | E38: A15-2 | F38: 16. ค่าสิทธิ์การใช้โปรแกรมส่วนกลาง | H38: ใช้โปรแกรม Adobe 1 license | L38: ='สรุปใช้งบ 31กค'!H33 -> 23000 | M38: =L38 -> 23000 | N38: =IFERROR(M38/L38-1,1) -> 0 | O38: ='[21]ค่าสิทธิการใช้โปรแกรม ปี 70'!$H$202 -> 48000 | P38: =O38-L38 -> 25000 | Q38: =IFERROR(O38/L38-1,1) -> 1.0869565 | R38: =IF(O38>L38,"เพิ่มขึ้น",IF(O38<L38,"ลดลง",IF(O38=L38,"--"))) -> เพิ่มขึ้น | S38: เพิ่ม 1 licence รวมเป็น 2 licence (พนง. 1,OS 1) + ราคาปรับตัวเพิ่ม | T38: 1 | U38: ='[21]ค่าสิทธิการใช้โปรแกรม ปี 70'!$I$202 -> 0
C39: ok | D39: ='สรุปใช้งบ 31กค'!B30 -> 5031131000 | E39: A16 | F39: 17. ค่าใช้จ่ายในการสืบสวนเกี่ยวกับงาน รปภ. | H39: ใช้สืบสวนของ ทสส.1-2 | L39: ='สรุปใช้งบ 31กค'!H30 -> 220000 | M39: ='สรุปใช้งบ 31กค'!L30 -> 60000 | N39: =IFERROR(M39/L39-1,1) -> -0.72727273 | O39: ='[22]2570'!$E$7 -> 220000 | P39: =O39-L39 -> 0 | Q39: =IFERROR(O39/L39-1,1) -> 0 | R39: =IF(O39>L39,"เพิ่มขึ้น",IF(O39<L39,"ลดลง",IF(O39=L39,"--"))) -> -- | S39: ตั้งเท่าปีก่อน /เพียงพอใช้ | T39: - | U39: 0
C40: หน่วยงานที่ขอตั้ง | D40: 2. หมวดสินทรัพย์ถาวร | H40: จำนวนปี 69 | I40: ราคา @ ปี 69 | J40: จำนวนปี 70 | K40: ราคา @ ปี 70 | L40: =SUM(L41:L80) -> 29633600 | M40: =SUM(M41:M80) -> 25333985 | N40: =IFERROR(M40/L40-1,1) -> -0.14509256 | O40: =SUM(O41:O80) -> 37441500 | P40: =O40-L40 -> 7807900 | Q40: =IFERROR(O40/L40-1,1) -> 0.26348132 | R40: =IF(O40>L40,"เพิ่มขึ้น",IF(O40<L40,"ลดลง",IF(O40=L40,"--"))) -> เพิ่มขึ้น | U40: =SUM(U41:U80) -> 0
B41: รอแบบขอ / ฝจอ ไม่บวก 10% | C41: ฝจอ ไม่บวกราคา | D41: AUC | E41: B1 | F41: ระบบห้องควบคุม ฝรภ. อาคาร 1 และ 2 (Wall monitor ห้องควบคุม อาคาร 1, 2 และซื้อเครื่อง HDR จำนวน 9 เครื่อง และ work station จำนวน 1 เครื่องห้องควบคุมอาคาร 2) | H41: -- | I41: 0 | J41: 1 | K41: =ROUNDUP(1630894,-4) -> 1640000 | N41: =IFERROR(M41/L41-1,1) -> 1 | O41: =K41*J41 -> 1640000 | P41: =O41-L41 -> 1640000 | Q41: =IFERROR(O41/L41-1,1) -> 1 | R41: =IF(O41>L41,"เพิ่มขึ้น",IF(O41<L41,"ลดลง",IF(O41=L41,"--"))) -> เพิ่มขึ้น | S41: เป็นการปรับปรุงเพื่อให้รองรับการปฏิบัติงาน OS และการกำกับควบคุม OS ซึ่งผ่านการหารือ ฝจอ. ฝทส. ฝสภ. แล้ว
B42: รอแบบขอ | C42: ฝจอ ไม่บวกราคา | D42: AUC | E42: B2 | F42: ระบบแจ้งเตือนขอความช่วยเหลือเมื่อเกิดเหตุการณ์ไม่ปกติ (Auto dialer + Panic Switch) | H42: -- | I42: 0 | J42: 1 | K42: =ROUNDUP(150000,-4) -> 150000 | L42: 0 | M42: 0 | N42: =IFERROR(M42/L42-1,1) -> 1 | O42: =K42*J42 -> 150000 | P42: =O42-L42 -> 150000 | Q42: =IFERROR(O42/L42-1,1) -> 1 | R42: =IF(O42>L42,"เพิ่มขึ้น",IF(O42<L42,"ลดลง",IF(O42=L42,"--"))) -> เพิ่มขึ้น | S42: 1.Auto dialer: ติดตั้งอาคาร 1 + 2 ห้องละ 3 ตัว 2.Panic Switch: ติดตั้ง อาคาร ศรร.
B43: ราคาไม่รวมอุปกรณ์ ราคายังมียี่ห้อเดียว | C43: ศอก ราคา+5% | D43: AUC | E43: B3 | F43: รถขนส่ง (รถยนต์โดยสารแบบมีประตู 2 ด้าน +อุปกรณ์) | H43: -- | I43: 0 | J43: 2 | K43: =ROUNDUP((2339000+368508)*110%,-4) -> 2980000 | L43: 0 | M43: 0 | N43: =IFERROR(M43/L43-1,1) -> 1 | O43: =K43*J43 -> 5960000 | P43: =O43-L43 -> 5960000 | Q43: =IFERROR(O43/L43-1,1) -> 1 | R43: =IF(O43>L43,"เพิ่มขึ้น",IF(O43<L43,"ลดลง",IF(O43=L43,"--"))) -> เพิ่มขึ้น | S43: ทดแทนของเก่า อายุงาน 10 ปี (เกณฑ์อายุใช้งานธนาคาร 6 ปี)
C44: ศอก ราคา+5% | E44: B4 | F44: รถขนส่ง (รถยนต์ SUV +อุปกรณ์) | H44: -- | I44: 0 | J44: 1 | K44: =ROUNDUP((1904000+368508)*110%,-4) -> 2500000 | L44: 0 | M44: 0 | N44: =IFERROR(M44/L44-1,1) -> 1 | O44: =K44*J44 -> 2500000 | P44: =O44-L44 -> 2500000 | Q44: =IFERROR(O44/L44-1,1) -> 1 | R44: =IF(O44>L44,"เพิ่มขึ้น",IF(O44<L44,"ลดลง",IF(O44=L44,"--"))) -> เพิ่มขึ้น | S44: ทดแทนของเก่า อายุงาน 11 ปี (เกณฑ์อายุใช้งานธนาคาร 6 ปี)
B45: คำขอขาดรหัสสินทรัพย์เดิม | C45: ฝจอ ไม่บวกราคา | D45: AUC | E45: B5 | F45: ระบบตรวจใต้ท้องรถยนต์ (UVSS) | H45: 1 | I45: ='ผลพิ69-สรุป'!I49 -> 3902400 | J45: 1 | K45: 1300000 | L45: ='สรุปใช้งบ 31กค'!H45 -> 3902400 | M45: ='สรุปใช้งบ 31กค'!L45 -> 1000000 | N45: =IFERROR(M45/L45-1,1) -> -0.74374744 | O45: =K45*J45 -> 1300000 | P45: =O45-L45 -> -2602400 | Q45: =IFERROR(O45/L45-1,1) -> -0.66687167 | R45: =IF(O45>L45,"เพิ่มขึ้น",IF(O45<L45,"ลดลง",IF(O45=L45,"--"))) -> ลดลง | S45: 1. ติดตั้งอาคาร ศรร. (ทดแทนของเดิม) 2. ปี 69 ตั้งงบซื้อยี่ห้อเดียวกับที่ติดตั้ง ต.1 แต่จัดซื้อจริง เปลี่ยนยี่ห้อสืบราคาได้ราคาต่ำสุดเป็นของ บ.apple scientific
C46: ศปภ ราคา+5% | D46: 1800012085 | E46: B6 | F46: =[23]แบบสำรวจอุปกรณ์!$D$22 -> อุปกรณ์เคลื่อนย้ายรถ | H46: -- | I46: 0 | J46: =[23]แบบสำรวจอุปกรณ์!$AB$22 -> 1 | K46: =ROUNDUP(23433*110%,-3) -> 26000 | L46: 0 | M46: 0 | N46: =IFERROR(M46/L46-1,1) -> 1 | O46: =K46*J46 -> 26000 | P46: =O46-L46 -> 26000 | Q46: =IFERROR(O46/L46-1,1) -> 1 | R46: =IF(O46>L46,"เพิ่มขึ้น",IF(O46<L46,"ลดลง",IF(O46=L46,"--"))) -> เพิ่มขึ้น | S46: ทดแทนของเดิมชำรุด
C47: ศอก | D47: 1800009014 | E47: B7 | F47: ระบบกล้อง CCTV ติดรถยนต์ แบบ IP Camera System (กล้องหน้ารถขนส่ง) | H47: -- | I47: 0 | J47: 10 | K47: =ROUNDUP((189900)*105%,-3) -> 200000 | L47: 0 | M47: 0 | N47: =IFERROR(M47/L47-1,1) -> 1 | O47: =K47*J47 -> 2000000 | P47: =O47-L47 -> 2000000 | Q47: =IFERROR(O47/L47-1,1) -> 1 | R47: =IF(O47>L47,"เพิ่มขึ้น",IF(O47<L47,"ลดลง",IF(O47=L47,"--"))) -> เพิ่มขึ้น | S47: ทดแทนของเดิมเสื่อมสภาพ มีปัญหาในการบันทึกภาพ
B48: รอปรับคำขอ | C48: ฝจอ | D48: 1800009015 | E48: B8 | F48: ระบบกล้อง CCTV ชนิด Fixed (แบบ box) | H48: -- | I48: 0 | J48: 3 | K48: =ROUNDUP((25000*107%),-3) -> 27000 | L48: 0 | M48: 0 | N48: =IFERROR(M48/L48-1,1) -> 1 | O48: =K48*J48 -> 81000 | P48: =O48-L48 -> 81000 | Q48: =IFERROR(O48/L48-1,1) -> 1 | R48: =IF(O48>L48,"เพิ่มขึ้น",IF(O48<L48,"ลดลง",IF(O48=L48,"--"))) -> เพิ่มขึ้น | S48: เพื่อให้มีกล้องสำรองเพียงพอตามความเหมาะสม ชึ่งเป็นไปตามบันทึกการประชุม กนร. ครั้งที่ 1/62
F49: ระบบกล้อง CCTV ชนิด Fixed (แบบ Dome) | H49: -- | I49: 0 | J49: 3 | K49: =ROUNDUP((24500*107%),-3) -> 27000 | L49: 0 | M49: 0 | N49: =IFERROR(M49/L49-1,1) -> 1 | O49: =K49*J49 -> 81000 | P49: =O49-L49 -> 81000 | Q49: =IFERROR(O49/L49-1,1) -> 1 | R49: =IF(O49>L49,"เพิ่มขึ้น",IF(O49<L49,"ลดลง",IF(O49=L49,"--"))) -> เพิ่มขึ้น
F50: ระบบกล้อง CCTV ชนิด Fixed (แบบ Fisheye) | H50: -- | I50: 0 | J50: 4 | K50: =ROUNDUP((27500*107%),-3) -> 30000 | L50: 0 | M50: 0 | N50: =IFERROR(M50/L50-1,1) -> 1 | O50: =K50*J50 -> 120000 | P50: =O50-L50 -> 120000 | Q50: =IFERROR(O50/L50-1,1) -> 1 | R50: =IF(O50>L50,"เพิ่มขึ้น",IF(O50<L50,"ลดลง",IF(O50=L50,"--"))) -> เพิ่มขึ้น
D51: 1800009016 | F51: ระบบกล้อง CCTV ชนิด PTZ | H51: =10 -> 10 | I51: ='สรุปใช้งบ 31กค'!H44/10 -> 176550 | J51: =5+6 -> 11 | K51: =ROUNDUP((140000*107%),-1) -> 149800 | L51: ='สรุปใช้งบ 31กค'!H44 -> 1765500 | M51: ='สรุปใช้งบ 31กค'!L44 -> 1765500 | N51: =IFERROR(M51/L51-1,1) -> 0 | O51: =K51*J51 -> 1647800 | P51: =O51-L51 -> -117700 | Q51: =IFERROR(O51/L51-1,1) -> -0.066666667 | R51: =IF(O51>L51,"เพิ่มขึ้น",IF(O51<L51,"ลดลง",IF(O51=L51,"--"))) -> ลดลง | S51: ตั้งให้มี Stock พอตามบันทึกฯ กบร.ครั้งที่ 1/62
C52: ศอก | D52: 1800009017 | E52: B9 | F52: กล้องโทรทัศน์วงจรปิดตรวจการณ์ ชนิดติดตัว (Body Camera) แบบ Live Stream | H52: -- | I52: 0 | J52: 5 | K52: =ROUNDUP((59000*105%),-3) -> 62000 | L52: 0 | M52: 0 | N52: =IFERROR(M52/L52-1,1) -> 1 | O52: =K52*J52 -> 310000 | P52: =O52-L52 -> 310000 | Q52: =IFERROR(O52/L52-1,1) -> 1 | R52: =IF(O52>L52,"เพิ่มขึ้น",IF(O52<L52,"ลดลง",IF(O52=L52,"--"))) -> เพิ่มขึ้น | S52: เพิ่มประสิทธิภาพลาดตระเวรส่งภาพสู่ Wall Room โดยใช้ Wi-Fi และซิมอินเทอร์เน็ต ช่วยให้ศูนย์สั่งการติดตามการเดินตรวจและสั่งการระงับเหตุฉุกเฉินได้ทันที
C53: ศอก | D53: 1800012038 | E53: B10 | F53: กล้อง Thermal (จุดชาร์จ EV) | H53: -- | I53: 0 | J53: 2 | K53: =630000/2 -> 315000 | L53: 0 | M53: 0 | N53: =IFERROR(M53/L53-1,1) -> 1 | O53: =K53*J53 -> 630000 | P53: =O53-L53 -> 630000 | Q53: =IFERROR(O53/L53-1,1) -> 1 | R53: =IF(O53>L53,"เพิ่มขึ้น",IF(O53<L53,"ลดลง",IF(O53=L53,"--"))) -> เพิ่มขึ้น | S53: ระบบตรวจจับความร้อนสูงผิดปกติที่จุดเชื่อมต่อ สายชาร์จ หรือแบตเตอรี่รถยนต์ไฟฟ้าตั้งแต่ระยะเริ่มต้น เพื่อป้องกันเหตุเพลิงใหม้
B54: รอแบบคำขอ | C54: ศอก | E54: B11 | F54: กล้อง Thermal (ที่จอดรถชั้น 1-4) | H54: -- | I54: 0 | J54: 100 | K54: 120000 | L54: 0 | M54: 0 | N54: =IFERROR(M54/L54-1,1) -> 1 | O54: =K54*J54 -> 12000000 | P54: =O54-L54 -> 12000000 | Q54: =IFERROR(O54/L54-1,1) -> 1 | R54: =IF(O54>L54,"เพิ่มขึ้น",IF(O54<L54,"ลดลง",IF(O54=L54,"--"))) -> เพิ่มขึ้น
B55: ราคาไม่ตรง/คำขอขาดรหัสสินทรัพย์เดิม | C55: ฝจอ | D55: 1800009024 | E55: B12 | F55: ระบบตรวจจับการบุกรุก (Beam Detector) | H55: -- | I55: 0 | J55: 6 | K55: =ROUNDUP((171200/6),-3) -> 29000 | L55: 0 | M55: 0 | N55: =IFERROR(M55/L55-1,1) -> 1 | O55: =K55*J55 -> 174000 | P55: =O55-L55 -> 174000 | Q55: =IFERROR(O55/L55-1,1) -> 1 | R55: =IF(O55>L55,"เพิ่มขึ้น",IF(O55<L55,"ลดลง",IF(O55=L55,"--"))) -> เพิ่มขึ้น | S55: -ทดแทนของเดิม -อายุใช้งานปัจจุบัน 6-10 ปี แล้ว -ราคาต่อหน่วย = ราคาเฉลี่ย เนื่องจากแบ่งเป็น 3 รุ่น (ระยะไกล กลาง สั้น)
B56: คำขอ+5หมื่น/ซื้อใหม่ | C56: ฝจอ | D56: 1800009007 | E56: B13 | F56: เครื่อง X-Ray | H56: 1 | I56: 1765500 | J56: 1 | K56: =ROUNDUP((1738750*105%),-4) -> 1830000 | L56: ='สรุปใช้งบ 31กค'!H48 -> 1765500 | M56: ='สรุปใช้งบ 31กค'!L48 -> 1760000 | N56: =IFERROR(M56/L56-1,1) -> -0.0031152648 | O56: =K56*J56 -> 1830000 | P56: =O56-L56 -> 64500 | Q56: =IFERROR(O56/L56-1,1) -> 0.03653356 | R56: =IF(O56>L56,"เพิ่มขึ้น",IF(O56<L56,"ลดลง",IF(O56=L56,"--"))) -> เพิ่มขึ้น | S56: -งบปี 70 ติดตั้งอาคาร 7 (เพิ่มจุดติดตั้ง) -งบปี 69 ติดตั้งอาคาร 2 (ทดแทนของเดิม)
B57: รอแบบคำขอ | C57: ฝจอ | D57: 1800009032 | E57: B14 | F57: เครื่องอ่าน RFID | H57: -- | I57: 0 | J57: 10 | K57: =ROUNDUP((1594300*105%),-4)/10 -> 168000 | L57: 0 | M57: 0 | N57: =IFERROR(M57/L57-1,1) -> 1 | O57: =K57*J57 -> 1680000 | P57: =O57-L57 -> 1680000 | Q57: =IFERROR(O57/L57-1,1) -> 1 | R57: =IF(O57>L57,"เพิ่มขึ้น",IF(O57<L57,"ลดลง",IF(O57=L57,"--"))) -> เพิ่มขึ้น | S57: -เปลี่ยนทุกจุด ปัจจุบันซ่อมเวียนใช้ อายุเกินไม่เหมาะซ่อมแล้ว -ปัจจุบันงานซ่อมแพงมาก การซื้อเครื่องที่ลดราคาค่าซ่อมด้วย
B58: ราคาไม่ตรง | C58: ฝจอ | D58: 1800009041 | E58: B15 | F58: เครื่องอ่านบัตร (Card reader บัตรเข้า-ออกส่วนงาน) | H58: -- | I58: 0 | J58: 10 | K58: =ROUNDUP((10165),-3) -> 11000 | L58: 0 | M58: 0 | N58: =IFERROR(M58/L58-1,1) -> 1 | O58: =K58*J58 -> 110000 | P58: =O58-L58 -> 110000 | Q58: =IFERROR(O58/L58-1,1) -> 1 | R58: =IF(O58>L58,"เพิ่มขึ้น",IF(O58<L58,"ลดลง",IF(O58=L58,"--"))) -> เพิ่มขึ้น | S58: -เป็น Stock ปกติควรมี 10 ตัว -ปัจจุบันอายุงาน 6-10 ปีแล้ว
C59: ศอก | E59: B16 | F59: เครื่องอ่านบัตร (บัตรประชาชน) | H59: -- | I59: 0 | J59: 5 | K59: =ROUNDUP((13500*107%)*105%,-3) -> 16000 | L59: 0 | M59: 0 | N59: =IFERROR(M59/L59-1,1) -> 1 | O59: =K59*J59 -> 80000 | P59: =O59-L59 -> 80000 | Q59: =IFERROR(O59/L59-1,1) -> 1 | R59: =IF(O59>L59,"เพิ่มขึ้น",IF(O59<L59,"ลดลง",IF(O59=L59,"--"))) -> เพิ่มขึ้น | S59: ทดแทนเครื่องเดิม เนื่องจากเครื่องเดิมยกเลิกการผลิต และไม่มีอะไหล่รองรับแล้ว
C60: ศอก | D60: 1800008011 | E60: B17 | F60: เครื่องถ่ายรูปบัตร B-Card | H60: -- | I60: 0 | J60: 7 | K60: =ROUNDUP((22200*107%)*105%,-3) -> 25000 | L60: 0 | M60: 0 | N60: =IFERROR(M60/L60-1,1) -> 1 | O60: =K60*J60 -> 175000 | P60: =O60-L60 -> 175000 | Q60: =IFERROR(O60/L60-1,1) -> 1 | R60: =IF(O60>L60,"เพิ่มขึ้น",IF(O60<L60,"ลดลง",IF(O60=L60,"--"))) -> เพิ่มขึ้น
C61: ศปภ | D61: 1800016041 | E61: B18 | F61: =[23]แบบสำรวจอุปกรณ์!$D$24 -> หมวกกันกระสุน (fast helmet) | H61: -- | I61: 0 | J61: 0 | K61: =[23]แบบสำรวจอุปกรณ์!$G$24 -> 10000 | L61: 0 | M61: 0 | N61: =IFERROR(M61/L61-1,1) -> 1 | O61: =K61*J61 -> 0 | P61: =O61-L61 -> 0 | Q61: =IFERROR(O61/L61-1,1) -> 1 | R61: =IF(O61>L61,"เพิ่มขึ้น",IF(O61<L61,"ลดลง",IF(O61=L61,"--"))) -> --
C62: ศอก | D62: 1800016041 | E62: B19 | F62: ปืนไฟฟ้า(Taser Gun) พร้อมชุดอุปกรณ์+กระสุนสำรอง | H62: -- | I62: 0 | J62: 7 | K62: =2156000/7 -> 308000 | L62: 0 | M62: 0 | N62: =IFERROR(M62/L62-1,1) -> 1 | O62: =K62*J62 -> 2156000 | P62: =O62-L62 -> 2156000 | Q62: =IFERROR(O62/L62-1,1) -> 1 | R62: =IF(O62>L62,"เพิ่มขึ้น",IF(O62<L62,"ลดลง",IF(O62=L62,"--"))) -> เพิ่มขึ้น | S62: เพื่อใช้จัดการเหตุที่ไม่ถึงระดับการใช้อาวุธปืน แต่มีความเสี่ยงสูง /ลดความเสี่ยงถูกฟ้องร้องกรณีจัดการเกินเหตุได้ (รบ.เห็นชอบแล้ว)
C63: ศอก | D63: 1800007034 | E63: B20 | F63: ตู้นิรภัย (ฝากอาวุธปืน ประจำ สนญ.) | H63: -- | I63: 0 | J63: 4 | K63: =38000/4 -> 9500 | L63: 0 | M63: 0 | N63: =IFERROR(M63/L63-1,1) -> 1 | O63: =K63*J63 -> 38000 | P63: =O63-L63 -> 38000 | Q63: =IFERROR(O63/L63-1,1) -> 1 | R63: =IF(O63>L63,"เพิ่มขึ้น",IF(O63<L63,"ลดลง",IF(O63=L63,"--"))) -> เพิ่มขึ้น | S63: เก็บอาวุธปืนก่อนเข้าปฏิบัติหน้าที่สายตรวจอาคาร ในจุดใต้กล้อง CCTV มีการล็อกที่แน่นหนา+เข้าถึงได้เฉพาะผู้มีอำนาจหน้าที่ ตามหลักนิรภัยสากล
C64: ศอก | D64: 1800011014 | E64: B21 | F64: เครื่องคอมพิวเตอร์ NoteBook | H64: -- | I64: 0 | J64: 4 | K64: 60000 | L64: 0 | M64: 0 | N64: =IFERROR(M64/L64-1,1) -> 1 | O64: =K64*J64 -> 240000 | P64: =O64-L64 -> 240000 | Q64: =IFERROR(O64/L64-1,1) -> 1 | R64: =IF(O64>L64,"เพิ่มขึ้น",IF(O64<L64,"ลดลง",IF(O64=L64,"--"))) -> เพิ่มขึ้น | S64: ใช้ Monitor สัญญาณภาพสด จากกล้อง Body Camera ชนิด Live Stream ที่ติดตัวเจ้าหน้าที่ ฝรภ.สายตรวจ มายังห้องควบคุม ฝรภ. หรือ War Room
C65: ศปภ | D65: 1800011028 | E65: B22 | F65: เครื่องไมโครคอมพิวเตอร์ | H65: 1 | I65: ='สรุปใช้งบ 31กค'!H36 -> 38000 | J65: 30 | K65: ='[24]ราคาครุภัณฑ์ IT ปี 70'!$E$7 -> 62400 | L65: ='สรุปใช้งบ 31กค'!H36 -> 38000 | M65: =L65 -> 38000 | N65: =IFERROR(M65/L65-1,1) -> 0 | O65: =K65*J65 -> 1872000 | P65: =O65-L65 -> 1834000 | Q65: =IFERROR(O65/L65-1,1) -> 48.263158 | R65: =IF(O65>L65,"เพิ่มขึ้น",IF(O65<L65,"ลดลง",IF(O65=L65,"--"))) -> เพิ่มขึ้น | S65: ทดแทนเครื่องเฉพาะกิจ สนญ. ที่มีอายุเกิน 5 ปี (ทุกเครื่อง 6 ปี)
B66: ทำไมใช้ราคาแพง | D66: 1800012060 | E66: B23 | F66: เครื่องอัดอากาศ (ช่วยหายใจในการผจญเพลิง) | H66: -- | I66: 0 | J66: =[23]แบบสำรวจอุปกรณ์!$AB$13 -> 1 | K66: 160700 | L66: 0 | M66: 0 | N66: =IFERROR(M66/L66-1,1) -> 1 | O66: =K66*J66 -> 160700 | P66: =O66-L66 -> 160700 | Q66: =IFERROR(O66/L66-1,1) -> 1 | R66: =IF(O66>L66,"เพิ่มขึ้น",IF(O66<L66,"ลดลง",IF(O66=L66,"--"))) -> เพิ่มขึ้น | S66: ทดแทนของเดิมที่ สนญ. ที่มีอายุ 18 ปี
B67: เป็นวัสด หรือครุภัณฑ์ | C67: ศปภ | E67: B24 | F67: ชุดช่วยหายใจ (SCBA) | H67: -- | I67: 0 | J67: 5 | K67: =ROUNDUP((363800/5)*105%,-4) -> 80000 | L67: 0 | M67: 0 | N67: =IFERROR(M67/L67-1,1) -> 1 | O67: =K67*J67 -> 400000 | P67: =O67-L67 -> 400000 | Q67: =IFERROR(O67/L67-1,1) -> 1 | R67: =IF(O67>L67,"เพิ่มขึ้น",IF(O67<L67,"ลดลง",IF(O67=L67,"--"))) -> เพิ่มขึ้น | S67: ทดแทนของเดิมที่ครบอายุการใช้งาน 20 ปี (ซื้อตามปี 50 ปี)
C68: ศปภ | D68: 1800007024 | E68: B25 | F68: เก้าอี้อื่นๆ (ประจำห้องควบคุม ยี่ห้อMerryfair รุ่น WAU2) | H68: -- | I68: 0 | J68: =[23]แบบสำรวจอุปกรณ์!$AB$19 -> 6 | K68: 13333.333 | L68: 0 | M68: 0 | N68: =IFERROR(M68/L68-1,1) -> 1 | O68: =K68*J68 -> 80000 | P68: =O68-L68 -> 80000 | Q68: =IFERROR(O68/L68-1,1) -> 1 | R68: =IF(O68>L68,"เพิ่มขึ้น",IF(O68<L68,"ลดลง",IF(O68=L68,"--"))) -> เพิ่มขึ้น | S68: spec พิเศษ ฝจอ.ให้ ฝรภ. จัดหา
C69: 70ไม่ซื้อ | D69: 1800011031 | E69: B26 | F69: จอคอมพิวเตอร์ | H69: 1 | I69: ='สรุปใช้งบ 31กค'!L37 -> 8000 | J69: -- | K69: 0 | L69: =I69 -> 8000 | M69: ='สรุปใช้งบ 31กค'!P37 -> 0 | N69: =IFERROR(D69/C69-1,1) -> 1 | O69: 0 | P69: 0 | Q69: =IFERROR(O69/L69-1,1) -> -1 | R69: =IF(O69>L69,"เพิ่มขึ้น",IF(O69<L69,"ลดลง",IF(O69=L69,"--"))) -> ลดลง | S69: ='สรุปใช้งบ 31กค'!S37 -> 1.รอง ผอ. อนุมัติ PR แล้ว เมื่อ 2 เม.ย. 69 2.คาดว่าจะได้ PC Q4 3.EPR ใหม่ งบจออยู่ที่ส่วนงาน (PC NB ฝทส.จัดหา) | T69: =J69 -> -- | U69: =K69 -> 0
C70: 70ไม่ซื้อ | D70: ='สรุปใช้งบ 31กค'!B38 -> 1800016008 | E70: B27 | F70: เสื้อเกราะกันกระสุน | H70: 21 | I70: =L70/H70 -> 32285.714 | J70: -- | K70: 0 | L70: ='สรุปใช้งบ 31กค'!H38 -> 678000 | M70: ='สรุปใช้งบ 31กค'!L38 -> 0 | N70: =IFERROR(D70/C70-1,1) -> 1 | O70: 0 | P70: 0 | Q70: =IFERROR(O70/L70-1,1) -> -1 | R70: =IF(O70>L70,"เพิ่มขึ้น",IF(O70<L70,"ลดลง",IF(O70=L70,"--"))) -> ลดลง | S70: ='สรุปใช้งบ 31กค'!S38 -> 1.กำลังทำ PR 2.คาดว่าเซ็นสัญญา เดือน ก.ย. 69 3.มีบริษัทน้อย จึงใช้วิธีคัดเลือก | T70: =J70 -> -- | U70: =K70 -> 0
C71: 70ไม่ซื้อ | D71: ='สรุปใช้งบ 31กค'!B39 -> 1800014020 | E71: B28 | F71: เครื่องขยายเสียง โทรโข่ง - แบบสายสะพาย | H71: 3 | I71: ='สรุปใช้งบ 31กค'!H39 -> 23000 | J71: -- | K71: 0 | L71: =I71 -> 23000 | M71: ='สรุปใช้งบ 31กค'!M39 -> 0 | N71: =IFERROR(D71/C71-1,1) -> 1 | O71: 0 | P71: 0 | Q71: =IFERROR(O71/L71-1,1) -> -1 | R71: =IF(O71>L71,"เพิ่มขึ้น",IF(O71<L71,"ลดลง",IF(O71=L71,"--"))) -> ลดลง | S71: ='สรุปใช้งบ 31กค'!S39 -> 1.ได้แบบมาพร้อมราคา ทั้งสองอย่าง 2.รอหารือและเลือกแบบที่ต้องการ 3.คาดว่าได้ของ ปลายเดือน มิ.ย.- ต้น ก.ค. 69 | T71: =J71 -> -- | U71: =K71 -> 0
C72: 70ไม่ซื้อ | E72: B29 | F72: เครื่องขยายเสียง โทรโข่ง - แบบคาดเอว | H72: 1 | J72: -- | K72: 0 | N72: =IFERROR(D72/C72-1,1) -> 1 | O72: 0 | P72: 0 | Q72: =IFERROR(O72/L72-1,1) -> 1 | T72: =J72 -> -- | U72: =K72 -> 0
C73: 70ไม่ซื้อ | D73: ='สรุปใช้งบ 31กค'!B40 -> 1800014095 | E73: B30 | F73: ปลาดาว (sound station) - ลำโพงห้องประชุม ฝรภ. | H73: 1 | I73: ='สรุปใช้งบ 31กค'!H40 -> 11000 | J73: -- | K73: 0 | L73: =I73 -> 11000 | M73: ='สรุปใช้งบ 31กค'!L40 -> 0 | N73: =IFERROR(D73/C73-1,1) -> 1 | O73: 0 | P73: 0 | Q73: =IFERROR(O73/L73-1,1) -> -1 | R73: =IF(O73>L73,"เพิ่มขึ้น",IF(O73<L73,"ลดลง",IF(O73=L73,"--"))) -> ลดลง | S73: ='สรุปใช้งบ 31กค'!S40 -> อยู่ระหว่างขอใบเสนอราคา 3 ราย เพื่อส่งให้ ฝทส.จัดหา | T73: =J73 -> -- | U73: =K73 -> 0
C74: 70ไม่ซื้อ | D74: ='สรุปใช้งบ 31กค'!B41 -> 1800025016 | E74: B31 | F74: รถจักรยานยนต์ | H74: 1 | I74: ='สรุปใช้งบ 31กค'!H41 -> 112000 | J74: -- | K74: 0 | L74: =I74 -> 112000 | M74: ='สรุปใช้งบ 31กค'!L41 -> 105000 | N74: =IFERROR(D74/C74-1,1) -> 1 | O74: 0 | P74: 0 | Q74: =IFERROR(O74/L74-1,1) -> -1 | R74: =IF(O74>L74,"เพิ่มขึ้น",IF(O74<L74,"ลดลง",IF(O74=L74,"--"))) -> ลดลง | S74: ='สรุปใช้งบ 31กค'!S41 -> 1.รอง ผอ.อนุมัติ PR แล้ว เมื่อ 6 มิ.ย. 69 2.คาดว่าได้รับของ ปลายเดือน มิ.ย. | T74: =J74 -> -- | U74: =K74 -> 0
C75: 70ไม่ซื้อ | D75: ='สรุปใช้งบ 31กค'!B42 -> 1800009004 | E75: B32 | F75: เครื่องตรวจโลหะชนิดประตูเดินผ่าน (walk through) | H75: 1 | I75: =L75 -> 310000 | J75: -- | K75: 0 | L75: ='สรุปใช้งบ 31กค'!H42 -> 310000 | M75: ='สรุปใช้งบ 31กค'!L42 -> 256800 | N75: =IFERROR(D75/C75-1,1) -> 1 | O75: 0 | P75: 0 | Q75: =IFERROR(O75/L75-1,1) -> -1 | R75: =IF(O75>L75,"เพิ่มขึ้น",IF(O75<L75,"ลดลง",IF(O75=L75,"--"))) -> ลดลง | S75: ='สรุปใช้งบ 31กค'!S42 -> 1.รอง ผอ.อนุมัติ PR แล้ว เมื่อ 27 ก.ค. 69 2.คาดว่าเซ็นสัญญาไม่เกิน เดือน ส.ค. 69 | T75: =J75 -> -- | U75: =K75 -> 0
C76: 70ไม่ซื้อ | D76: ='สรุปใช้งบ 31กค'!B43 -> 1800009031 | E76: B33 | F76: วิทยุสื่อสาร (walkie Talkie / วอดำ) | H76: 7 | I76: =L76 -> 56000 | J76: -- | K76: 0 | L76: ='สรุปใช้งบ 31กค'!H43 -> 56000 | M76: ='สรุปใช้งบ 31กค'!L43 -> 48685 | N76: =IFERROR(D76/C76-1,1) -> 1 | O76: 0 | P76: 0 | Q76: =IFERROR(O76/L76-1,1) -> -1 | R76: =IF(O76>L76,"เพิ่มขึ้น",IF(O76<L76,"ลดลง",IF(O76=L76,"--"))) -> ลดลง | S76: ='สรุปใช้งบ 31กค'!S42 -> 1.รอง ผอ.อนุมัติ PR แล้ว เมื่อ 27 ก.ค. 69 2.คาดว่าเซ็นสัญญาไม่เกิน เดือน ส.ค. 69 | T76: =J76 -> -- | U76: =K76 -> 0
C77: 70ไม่ซื้อ | D77: ='สรุปใช้งบ 31กค'!B46 -> 1800009013 | E77: B34 | F77: เครื่องควบคุมการผ่านเข้า-ออก รถยนต์ (ไม้กั้น) | H77: 8 | I77: =L77 -> 1753800 | J77: -- | K77: 0 | L77: ='สรุปใช้งบ 31กค'!H46 -> 1753800 | M77: ='สรุปใช้งบ 31กค'!L46 -> 1430000 | N77: =IFERROR(D77/C77-1,1) -> 1 | O77: 0 | P77: 0 | Q77: =IFERROR(O77/L77-1,1) -> -1 | R77: =IF(O77>L77,"เพิ่มขึ้น",IF(O77<L77,"ลดลง",IF(O77=L77,"--"))) -> ลดลง | S77: ='สรุปใช้งบ 31กค'!S46 -> 1.ผอ.อนุมัติ PR แล้ว เมื่อ 15 พ.ค. 69 2.คาดว่าเซ็นสัญญาไม่เกิน เดือน ส.ค. 69 3.งบเหลือ 3.2 แสนบาท | T77: =J77 -> -- | U77: =K77 -> 0
C78: 70ไม่ซื้อ | D78: ='สรุปใช้งบ 31กค'!B47 -> 2802609007 | E78: B35 | F78: เครื่องควบคุมการเปิด-ปิด (Access Control System) | H78: 1 | I78: ='สรุปใช้งบ 31กค'!H47 -> 13369200 | J78: -- | K78: 0 | L78: ='สรุปใช้งบ 31กค'!H47 -> 13369200 | M78: ='สรุปใช้งบ 31กค'!L47 -> 13100000 | N78: =IFERROR(D78/C78-1,1) -> 1 | O78: 0 | P78: 0 | Q78: =IFERROR(O78/L78-1,1) -> -1 | R78: =IF(O78>L78,"เพิ่มขึ้น",IF(O78<L78,"ลดลง",IF(O78=L78,"--"))) -> ลดลง | S78: ='สรุปใช้งบ 31กค'!S47 -> 1.ผอ.อนุมัติ PR แล้ว เมื่อ 21 พ.ค. 69 2.คาดว่าเซ็นสัญญาไม่เกิน เดือน ส.ค. 69 3.งบเหลือ 2.7 แสนบาท | T78: =J78 -> -- | U78: =K78 -> 0
C79: 70ไม่ซื้อ | D79: ='สรุปใช้งบ 31กค'!B49 -> 2802509002 | E79: B36 | F79: ='สรุปใช้งบ 31กค'!C49 -> งานติดตั้งระบบกล้องวงจรปิด CCTV วังบางขุนพรหม วังเทเวศร์ อาคาร 6 | H79: 1 | I79: ='สรุปใช้งบ 31กค'!H49 -> 4651200 | J79: -- | K79: 0 | L79: ='สรุปใช้งบ 31กค'!H49 -> 4651200 | M79: ='สรุปใช้งบ 31กค'!L49 -> 4650000 | N79: =IFERROR(D79/C79-1,1) -> 1 | O79: 0 | P79: 0 | Q79: =IFERROR(O79/L79-1,1) -> -1 | R79: =IF(O79>L79,"เพิ่มขึ้น",IF(O79<L79,"ลดลง",IF(O79=L79,"--"))) -> ลดลง | S79: ='สรุปใช้งบ 31กค'!S49 -> เสร็จแล้ว ตรวจรับแล้ว 2 เม.ย. 69 /ส่งมอบ 22 มิ.ย. 69 | T79: =J79 -> -- | U79: =K79 -> 0
C80: 70ไม่ซื้อ | D80: ='สรุปใช้งบ 31กค'!B50 -> 2802509003 | E80: B37 | F80: ='สรุปใช้งบ 31กค'!C50 -> งานติดตั้งระบบกล้องวงจรปิด CCTV ห้องประชุมส่วนกลางอาคาร 1, 2, 7 | H80: 1 | I80: ='สรุปใช้งบ 31กค'!H50 -> 1190000 | J80: -- | K80: 0 | L80: ='สรุปใช้งบ 31กค'!H50 -> 1190000 | M80: ='สรุปใช้งบ 31กค'!L50 -> 1180000 | N80: =IFERROR(D80/C80-1,1) -> 1 | O80: 0 | P80: 0 | Q80: =IFERROR(O80/L80-1,1) -> -1 | R80: =IF(O80>L80,"เพิ่มขึ้น",IF(O80<L80,"ลดลง",IF(O80=L80,"--"))) -> ลดลง | S80: ='สรุปใช้งบ 31กค'!S50 -> เสร็จแล้ว ตรวจรับแล้ว 3 ก.พ. 69 /ส่งมอบ 22 ก.พ. 69 | T80: =J80 -> -- | U80: =K80 -> 0
D81: รวมงบประมาณรายจ่ายทั้งสิ้น (หมวด 1 + หมวด 2) | L81: =SUM(L40,L5) -> 113586800 | M81: =SUM(M40,M5) -> 64126681 | N81: =IFERROR(M81/L81,1) -> 0.56456103 | O81: =SUM(O40,O5) -> 1.2104995e+08 | P81: =O81-L81 -> 7463154.4 | Q81: =IFERROR(O81/L81-1,1) -> 0.065704416 | R81: =IF(O81>L81,"เพิ่มขึ้น",IF(O81<L81,"ลดลง",IF(O81=L81,"--"))) -> เพิ่มขึ้น | S81: เพิมจากหมวดครุภัณฑ์ | T81: - | U81: =SUM(U40,U5) -> 1.0356309e+08
D85: หมายเหตุ
E86: B5 | F86: กล้อง CCTV ชนิด Fixed (แบบ Bullet) | H86: -- | I86: -- | L86: 0 | M86: 0 | N86: =IFERROR(M86/L86,1) -> 1 | O86: =K86*J86 -> 0 | P86: =O86-L86 -> 0 | R86: =IF(O86>L86,"เพิ่มขึ้น",IF(O86<L86,"ลดลง",IF(O86=L86,"--"))) -> -- | V86: 5

Sheet คำขอปึ70ครุภัณฑ์
B1: =(18990)*105% -> 19939.5 | C1: =80000/6 -> 13333.333 | D1: สรุปรายละเอียดคำขอตั้งงบประมาณของฝ่ายรักษาความปลอดภัย ประจำปี 2570 - สิ้นสุด
D3: รหัสงบฯ | E3: File ประกอบ | F3: ชื่องบประมาณ/ชื่อบัญชี | H3: คำนิยาม | L3: งบปี 2569 | O3: คำขอปี 2570 ( เพิ่มขึ้น / ลดลง ) | T3: คำขอปี 2570 - สิ้นสุดแผนงาน
L4: งบที่ได้ปี 69 +จัดสรรระหว่างปี | M4: ใช้ไป ณ 31 ก.ค. 69 | N4: %ใช้ไป ปี 2569 | O4: งบปี 2570 | P4: เทียบกับ ปี 2569 | Q4: % เทียบกับ ปี 2569 | R4: เปลี่ยนแปลง | S4: เหตุผล | T4: หน่วย | U4: จำนวนเงิน
D5: 1. หมวดค่าใช้จ่าย | L5: =SUM(L6,L9:L14,L20,L23,L27:L31,L36:L39) -> 83953200 | M5: =SUM(M6,M9:M14,M20,M23,M27:M31,M36:M39) -> 38792696 | N5: =IFERROR(M5/L5-1,1) -> -0.53792475 | O5: =SUM(O6,O9:O14,O20,O23,O27:O31,O36:O39) -> 83608454 | P5: =O5-L5 -> -344745.62 | Q5: =IFERROR(O5/L5-1,1) -> -0.0041064024 | R5: =IF(O5>L5,"เพิ่มขึ้น",IF(O5<L5,"ลดลง",IF(O5=L5,"--"))) -> ลดลง | S5: อัตรา ฝรภ. กำลังลดลง /จัดซื้อ OS ได้ราคาถูกลง /MA สนภ.ตั้งงบเอง | T5: =SUM(T14,T23,T37,T38) -> 12 | U5: =SUM(U6,U9:U14,U20,U23,U27:U31,U36:U39) -> 1.0356309e+08
D6: -- | F6: 1. ค่าตอบแทนการทำงานนอกเวลา | H6: มี 2 ส่วน ดังนี้ | L6: =SUM(L7:L8) -> 5950000 | M6: =SUM(M7:M8) -> 3752559.2 | N6: =IFERROR(M6/L6-1,1) -> -0.36931778 | O6: =SUM(O8:O8) -> 6200000 | P6: =O6-L6 -> 250000 | Q6: =IFERROR(O6/L6-1,1) -> 0.042016807 | R6: =IF(O6>L6,"เพิ่มขึ้น",IF(O6<L6,"ลดลง",IF(O6=L6,"--"))) -> เพิ่มขึ้น | S6: เพิ่มทั้งหมวด OT + ศปภ. เข้าเวร ดังนี้ | T6: - | U6: 0
C7: ok | D7: ='สรุปใช้งบ 31กค'!B11 -> 5020102000 | E7: A1-1 | G7: 1.1 ค่าล่วงเวลาและค่าตอบแทนการทำงานเกินเวลา | H7: 1.-ฝรภ.ปฏิบัติงานแทน OS หยุดงาน+เกิดเหตุไม่ปกติ -ศสป. ศอก. สนับสนุนงาน ศปภ. วันหยุด+นอกเวลางาน -ฝรภ. ปฏิบัติงานเร่งด่วน วันหยุด+นอกเวลางาน | L7: ='สรุปใช้งบ 31กค'!H11 -> 310000 | M7: ='สรุปใช้งบ 31กค'!L11 -> 263759.21 | N7: =IFERROR(M7/L7-1,1) -> -0.14916384 | O7: =[1]คำขอ2570!$F$8 -> 890000 | P7: =O7-L7 -> 580000 | Q7: =IFERROR(O7/L7-1,1) -> 1.8709677 | R7: =IF(O7>L7,"เพิ่มขึ้น",IF(O7<L7,"ลดลง",IF(O7=L7,"--"))) -> เพิ่มขึ้น | S7: 1.-ศปภ. ปรับการปฏิบัติงานให้สอดคล้อง กม.ใหม่ (หารือ ฝกม.แล้ว) -ศอก. ศสป. ตั้งเพิ่มจากเหตุปฏิบัติงานแทน OS เหตุบอกเลิกสัญญาปี 69 และสำรองงานเร่งด่วนนอกเวลา | T7: - | U7: 0
B8: มีปรับตาราง | C8: ok | D8: ='สรุปใช้งบ 31กค'!B12 -> 5020104000 | E8: A1-2 | G8: 1.2 เงินช่วยเหลือพิเศษ | H8: 2. ค่าเข้าเวร นอกเวลาปกติ/ วันหยุด | L8: ='สรุปใช้งบ 31กค'!H12 -> 5640000 | M8: ='สรุปใช้งบ 31กค'!L12 -> 3488800 | N8: =IFERROR(M8/L8-1,1) -> -0.38141844 | O8: ='[2]2570new'!$D$21 -> 6200000 | P8: =O8-L8 -> 560000 | Q8: =IFERROR(O8/L8-1,1) -> 0.09929078 | R8: =IF(O8>L8,"เพิ่มขึ้น",IF(O8<L8,"ลดลง",IF(O8=L8,"--"))) -> เพิ่มขึ้น | S8: 2.-อัตรากำลังลดลงจากปีก่อน 108 >> 103 คน -90% เป็น พนง.เก่าจึงต้องปรับฐานเงินเดือนเฉลี่ยเพิ่มอีก 2.5% เพื่อให้พอต่อการใช้จ่ายปี 70 | T8: - | U8: 0
B9: เอกสารแนบ สีแดง สงสัย | D9: ='สรุปใช้งบ 31กค'!B13 -> 5020305000 | E9: A2 | F9: 2. เงินช่วยเหลืออื่น ๆ (ปฏิบัติงานต่าง สนง.) | H9: 1. ค่าจัดซื้อของเหมาจ่าย (ให้ครั้งเดียว และเมื่อย้าย) 2. บ้านพัก/ค่าเช่าบ้าน @ 8,000/เดือน 3. เงินช่วยเหลือพิเศษ @ 5,500/เดือน | L9: ='สรุปใช้งบ 31กค'!H13 -> 6650000 | M9: ='สรุปใช้งบ 31กค'!$L$13 -> 2100323.9 | N9: =IFERROR(M9/L9-1,1) -> -0.68416183 | O9: ='[3]1. ต่างสำนักงาน Rate ปี 70'!$F$20 -> 4380000 | P9: =O9-L9 -> -2270000 | Q9: =IFERROR(O9/L9-1,1) -> -0.34135338 | R9: =IF(O9>L9,"เพิ่มขึ้น",IF(O9<L9,"ลดลง",IF(O9=L9,"--"))) -> ลดลง | S9: -อัตรากำลังลดลงจาก 108 >> 103 คน -ปี 70 ศปภ.ครบวงรอบย้ายลดลง | T9: - | U9: 0
B10: รอราคา | D10: ='สรุปใช้งบ 31กค'!B14 -> 5020304000 | E10: A3-1 | F10: 3.1 ค่าเสื้อผ้าและเครื่องแบบ | H10: แจก ชุดปฏิบัติการ / ชุดพิธีการ (พนง.เก่า 2 ชุด /พนง.ใหม่ 3 ชุด) | L10: ='สรุปใช้งบ 31กค'!H14 -> 457900 | M10: ='สรุปใช้งบ 31กค'!$L$14 -> 443910.8 | N10: =IFERROR(M10/L10-1,1) -> -0.030550775 | O10: 1204490 | P10: =O10-L10 -> 746590 | Q10: =IFERROR(O10/L10-1,1) -> 1.6304652 | R10: =IF(O10>L10,"เพิ่มขึ้น",IF(O10<L10,"ลดลง",IF(O10=L10,"--"))) -> เพิ่มขึ้น | S10: -เสื้อผ้าปรับราคาเพิ่มขึ้นมากต้องสืบราคาใหม่ -ปีก่อนๆใช้ราคามาตรฐานจาก ฝผง. ตั้งงบ ซึ่งประกาศมาตั้งแต่ปี 66 -ปี 70 จัดหาชุดพิธีการใหม่ในภาพรวมทั้งหมด -พนง.ใหม่ จัดหา 3 ชุด (ชุดพิธีการ 1 ชุด/ชุดปฏิบัติการ 2 ชุด) | T10: - | U10: 0 | X10: ตรวจเอกสารแนบ
C11: ok | D11: ='สรุปใช้งบ 31กค'!B15 -> 5020306000 | E11: A3-2 | F11: 3.2 ค่าเช่าอุปกรณ์ เครื่องมือ เครื่องใช้ (เช่าชุดสูท) | H11: เช่าชุดสูทปฏิบัติหน้าที่ | L11: 0 | M11: 0 | N11: =IFERROR(M11/L11-1,1) -> 1 | O11: ='[4]ค่าเช่าชุดสูท 70'!$E$9 -> 50000 | P11: =O11-L11 -> 50000 | Q11: =IFERROR(O11/L11-1,1) -> 1 | R11: =IF(O11>L11,"เพิ่มขึ้น",IF(O11<L11,"ลดลง",IF(O11=L11,"--"))) -> เพิ่มขึ้น | S11: ปี 70 เปลี่ยนวิธีจากเดิมตั้งงบค่าเสื้อผ้าเพื่อซื้อ/ตัด >เปลี่ยนเป็น> เช่าสูทเมื่อมีออก event ซึ่งทำให้ช่วยลดต้นทุนให้ธนาคารได้มาก | T11: - | U11: 0
C12: ok | D12: ='สรุปใช้งบ 31กค'!B15 -> 5020306000 | E12: A4 | F12: 4. คชจ.กิจกรรมส่งเสริมค่านิยมร่วมขององค์กร (สคส.) | H12: อัตรากำลัง @1,000.- ตามที่ ฝยว. กำหนด | L12: ='สรุปใช้งบ 31กค'!H15 -> 165000 | M12: ='สรุปใช้งบ 31กค'!$L$15 -> 26800.35 | N12: =IFERROR(M12/L12-1,1) -> -0.83757364 | O12: ='[5]2570'!$H$13 -> 145000 | P12: =O12-L12 -> -20000 | Q12: =IFERROR(O12/L12-1,1) -> -0.12121212 | R12: =IF(O12>L12,"เพิ่มขึ้น",IF(O12<L12,"ลดลง",IF(O12=L12,"--"))) -> ลดลง | S12: -อัตรากำลังลดลงจาก 165 >> 145 คน (อัตราที่ประกาศ) | T12: - | U12: 0
C13: ok | D13: ='สรุปใช้งบ 31กค'!B16 -> 5020402000 | E13: A5 | F13: 5. ค่าฝึกอบรมและพัฒนาพนักงาน | H13: งบฝึกอบรมและค่าใช้จ่ายในการเดินทางไปอบรม | L13: ='สรุปใช้งบ 31กค'!H16 -> 1522500 | M13: ='สรุปใช้งบ 31กค'!$L$16 -> 257470.89 | N13: =IFERROR(M13/L13-1,1) -> -0.8308894 | O13: ='[26]2570'!$H$15 -> 1522500 | P13: =O13-L13 -> 0 | Q13: =IFERROR(O13/L13-1,1) -> 0 | R13: =IF(O13>L13,"เพิ่มขึ้น",IF(O13<L13,"ลดลง",IF(O13=L13,"--"))) -> -- | S13: -ปี 70 = อัตราที่ประกาศทางการ 145 คน -ปี 69 = อัตราที่ยังไม่ประกาศทางการ 145 คน | T13: - | U13: 0
C14: ok | D14: ='สรุปใช้งบ 31กค'!B17 -> 5031116000 | E14: A6-1 (ปี69) | F14: 6. ค่าจ้างงานรักษาความปลอดภัย | H14: ค่าจ้าง OS 5 พื้นที่ทั้วประเทศ ดังนี้ | L14: =SUM(L15:L19) -> 55490000 | M14: =SUM(M15:M19) -> 25990272 | N14: =IFERROR(M14/L14-1,1) -> -0.53162243 | O14: =SUM(O15:O19) -> 59880600 | P14: =O14-L14 -> 4390600 | Q14: =IFERROR(O14/L14-1,1) -> 0.079124167 | R14: =IF(O14>L14,"เพิ่มขึ้น",IF(O14<L14,"ลดลง",IF(O14=L14,"--"))) -> เพิ่มขึ้น | S14: ทุกกลุ่ม : ปี 69 ราคากลางสืบใหม่ /ปี 70 ราคาตามสัญญาซึ่งถูกกว่าราคากลาง | T14: 5 | U14: =SUM(U15:U19) -> 101283400
H15: 1. กลุ่ม1-สนญ. | L15: =Dataผลพิปี69!U31 -> 25020000 | M15: ='[7]กลุ่ม 1'!$H$25 -> 13844752 | N15: =IFERROR(M15/L15-1,1) -> -0.44665258 | O15: ='[25]Template OS-2570 '!$AU$10+'[25]Template OS-2570 '!$AU$11+'[25]Template OS-2570 '!$AU$12 -> 30297600 | P15: =O15-L15 -> 5277600 | Q15: =IFERROR(O15/L15-1,1) -> 0.21093525 | R15: =IF(O15>L15,"เพิ่มขึ้น",IF(O15<L15,"ลดลง",IF(O15=L15,"--"))) -> เพิ่มขึ้น | S15: 1.กลุ่ม 1, 5 เพิ่มเนื่องจาก - กลุ่ม 1 ตั้งแต่ ธ.ค. 69 เพิ่ม 0S ห้องควบคุม 4 คน - กลุ่ม 5 ปี 70 สืบราคาเพื่อจัดซื้อใหม่ หลังบอกเลิกสัญญา สูงกว่าราคาปี 69 | T15: 1 | U15: ='[25]Template OS-2570 '!$BK$12 -> 76479500
H16: 2. กลุ่ม2-สภน./ศชม. | L16: =Dataผลพิปี69!U32 -> 6100000 | M16: =[7]กลุ่ม2!$H$43 -> 3041731.3 | N16: =IFERROR(M16/L16-1,1) -> -0.50135553 | O16: ='[25]Template OS-2570 '!$AU$14 -> 5243500 | P16: =O16-L16 -> -856500 | Q16: =IFERROR(O16/L16-1,1) -> -0.14040984 | R16: =IF(O16>L16,"เพิ่มขึ้น",IF(O16<L16,"ลดลง",IF(O16=L16,"--"))) -> ลดลง | T16: 1 | U16: ='[25]Template OS-2570 '!$BK$14 -> 4372900
C17: ok | E17: A6-2 (ปี70) | H17: 3. กลุ่ม3-สภอ. | L17: =Dataผลพิปี69!U33 -> 6170000 | M17: =[9]กลุ่ม3!$H$43 -> 1942537.4 | N17: =IFERROR(M17/L17-1,1) -> -0.68516412 | O17: ='[25]Template OS-2570 '!$AU$18 -> 5458400 | P17: =O17-L17 -> -711600 | Q17: =IFERROR(O17/L17-1,1) -> -0.11533225 | R17: =IF(O17>L17,"เพิ่มขึ้น",IF(O17<L17,"ลดลง",IF(O17=L17,"--"))) -> ลดลง | T17: 1 | U17: ='[25]Template OS-2570 '!$BK$18 -> 4688000
H18: 4. กลุ่ม4-สภต./ศหญ. ศสร. ศพง. | L18: =Dataผลพิปี69!U34 -> 6200000 | M18: =[9]กลุ่ม4!$H$43 -> 3452552.2 | N18: =IFERROR(M18/L18-1,1) -> -0.44313675 | O18: ='[25]Template OS-2570 '!$AU$20 -> 5949500 | P18: =O18-L18 -> -250500 | Q18: =IFERROR(O18/L18-1,1) -> -0.040403226 | R18: =IF(O18>L18,"เพิ่มขึ้น",IF(O18<L18,"ลดลง",IF(O18=L18,"--"))) -> ลดลง | S18: 2. กลุ่ม 2-5 ลดลงเนื่องจาก -กลุ่ม 2, 4 เป็นราคาราคาตามสัญญาซึ่งถูกกว่าราคากลางปี 69 -กลุ่ม 3 ราคาสัญญาหลัง stop gap สืบใหม่ปี 70 ใช้ราคาสัญญา บ.ขอนแก่น +3% | T18: 1 | U18: ='[25]Template OS-2570 '!$BK$20 -> 4961200
H19: 5. กลุ่ม5-สอบ. ศรย. | L19: =Dataผลพิปี69!U35 -> 12000000 | M19: =[9]กลุ่ม5!$H$53 -> 3708698.3 | N19: =IFERROR(M19/L19-1,1) -> -0.69094181 | O19: ='[25]Template OS-2570 '!$AU$24 -> 12931600 | P19: =O19-L19 -> 931600 | Q19: =IFERROR(O19/L19-1,1) -> 0.077633333 | R19: =IF(O19>L19,"เพิ่มขึ้น",IF(O19<L19,"ลดลง",IF(O19=L19,"--"))) -> เพิ่มขึ้น | T19: 1 | U19: ='[25]Template OS-2570 '!$AP$24 -> 10781800
D20: -- | F20: 7. ค่าจ้าง/ค่าตอบแทน | H20: มี 2 ส่วน ดังนี้ | L20: =SUM(L21:L22) -> 4372900 | M20: =SUM(M21:M22) -> 2170381 | N20: =IFERROR(M20/L20-1,1) -> -0.50367468 | O20: =SUM(O21:O22) -> 4376900 | P20: =O20-L20 -> 4000 | Q20: =IFERROR(O20/L20-1,1) -> 0.00091472478 | R20: =IF(O20>L20,"เพิ่มขึ้น",IF(O20<L20,"ลดลง",IF(O20=L20,"--"))) -> เพิ่มขึ้น | S20: เพิ่มจากค่าจ้างแรงงานทำของ ดังนี้ | T20: - | U20: 0
B21: เอกสารแนบ สีแดง สงสัย | D21: ='สรุปใช้งบ 31กค'!B18 -> 5031120000 | E21: A7-1 | G21: 7.1 ค่าจ้างแรงงาน/ทำของ-งานทั่วไป | H21: 1. ค่าซ่อมบัตร RFID และ ค่าตรวจสอบเครื่องอัดอากาศช่วยหายใจในการดับเพลิง | L21: ='สรุปใช้งบ 31กค'!$H$18 -> 31000 | M21: ='สรุปใช้งบ 31กค'!$L$18 -> 24931 | N21: =IFERROR(M21/L21-1,1) -> -0.19577419 | O21: ='[10]2570'!$C$22 -> 35000 | P21: =O21-L21 -> 4000 | Q21: =IFERROR(O21/L21-1,1) -> 0.12903226 | R21: =IF(O21>L21,"เพิ่มขึ้น",IF(O21<L21,"ลดลง",IF(O21=L21,"--"))) -> เพิ่มขึ้น | S21: 1. ตั้งสำรองกรณีฉุกเฉินเพิ่ม เช่น ราคาปรับตัวเพิ่มมาก มีค่าตรวจสอบใหม่ | T21: - | U21: 0
C22: 0k | D22: ='สรุปใช้งบ 31กค'!B19 -> 5031143000 | E22: A7-2 | G22: 7.2 ค่าตอบแทนบุคคลภายนอกอื่น ๆ | H22: 2. ตร. ช่วยรักษาการณ์ ศปภ. | L22: ='สรุปใช้งบ 31กค'!$H$19 -> 4341900 | M22: ='สรุปใช้งบ 31กค'!$L$19 -> 2145450 | N22: =IFERROR(M22/L22-1,1) -> -0.505873 | O22: ='[11]2570'!$T$38 -> 4341900 | P22: =O22-L22 -> 0 | Q22: =IFERROR(O22/L22-1,1) -> 0 | R22: =IF(O22>L22,"เพิ่มขึ้น",IF(O22<L22,"ลดลง",IF(O22=L22,"--"))) -> -- | S22: 2. ตั้งตามอัตราที่บันทึกเลขที่ 5/66 กำหนด | T22: - | U22: 0
C23: ok | D23: 5031214000 | E23: A8 | F23: 8. ค่าซ่อมแซมและบํารุงรักษา - อุปกรณ์และระบบคอมฯ | H23: มี 3 ส่วน ดังนี้ | L23: =SUM(L24:L26) -> 6789300 | M23: =SUM(M24:M26) -> 3394575 | N23: =IFERROR(M23/L23-1,1) -> -0.50001105 | O23: =SUM(O24:O26) -> 1977164.4 | P23: =O23-L23 -> -4812135.6 | Q23: =IFERROR(O23/L23-1,1) -> -0.70878229 | R23: =IF(O23>L23,"เพิ่มขึ้น",IF(O23<L23,"ลดลง",IF(O23=L23,"--"))) -> ลดลง | S23: ลดลงทั้ง 3 สัญญาดังนี้ | T23: =SUM(T24:T26) -> 2 | U23: =SUM(U24:U26) -> 2270889.4
H24: 1. ค่าซ่อมบำรุง CCTV | L24: ='สรุปใช้งบ 31กค'!$I$21 -> 2263100 | M24: ='สรุปใช้งบ 31กค'!$L$21 -> 1131525 | N24: =IFERROR(M24/L24-1,1) -> -0.50001105 | O24: ='[12]new 2570'!$E$7 -> 1844150 | P24: =O24-L24 -> -418950 | Q24: =IFERROR(O24/L24-1,1) -> -0.18512218 | R24: =IF(O24>L24,"เพิ่มขึ้น",IF(O24<L24,"ลดลง",IF(O24=L24,"--"))) -> ลดลง | S24: 1. -ปี 70 = สัญญาใหม่ เฉพาะ สนญ. -ปี 69 = ค่าซ่อมบำรุง CCTV สัญญารวมทั้ง สนญ. + สนภ. 3 แห่ง / ค่าบำรุง visitor management สนญ. + สพฐ. | T24: 1 | U24: ='[13]new 2570'!$F$7+'[13]new 2570'!$G$7 -> 2137875
H25: 2. จ้างบำรุงรักษาอุปกรณ์ Visitor Management (เครื่องอ่านบัตรประชาชน, เครื่องอ่าน Passport, เครื่องถ่ายรูปบัตร) | L25: ='สรุปใช้งบ 31กค'!$I$21 -> 2263100 | M25: ='สรุปใช้งบ 31กค'!$L$21 -> 1131525 | N25: =IFERROR(M25/L25-1,1) -> -0.50001105 | O25: ='[12]new 2570'!$E$11 -> 133014.38 | P25: =O25-L25 -> -2130085.6 | Q25: =IFERROR(O25/L25-1,1) -> -0.9412247 | R25: =IF(O25>L25,"เพิ่มขึ้น",IF(O25<L25,"ลดลง",IF(O25=L25,"--"))) -> ลดลง | T25: 1 | U25: ='[13]new 2570'!$F$11+'[13]new 2570'!$G$11 -> 133014.38
H26: 3. จ้างบำรุงรักษาเครื่องพิมพ์บัตร Access Card ยี่ห้อ Datacard | L26: ='สรุปใช้งบ 31กค'!$I$21 -> 2263100 | M26: ='สรุปใช้งบ 31กค'!$L$21 -> 1131525 | N26: =IFERROR(M26/L26-1,1) -> -0.50001105 | O26: ='[13]new 2570'!$E$15 -> 0 | P26: =O26-L26 -> -2263100 | Q26: =IFERROR(O26/L26-1,1) -> -1 | R26: =IF(O26>L26,"เพิ่มขึ้น",IF(O26<L26,"ลดลง",IF(O26=L26,"--"))) -> ลดลง | S26: 2. ปี 70 ซื้อเครื่องใหม่ ให้มีเงื่อนไขซ่อมบำรุง (ระยะประกัน 3 ปี รวม MA) | T26: - | U26: 0
D27: ='สรุปใช้งบ 31กค'!B31 -> 5031218000 | E27: A9 | F27: 9. ค่าวัสดุคอมพิวเตอร์ | H27: จัดหาบัตร Mifare /RFID /Access Card (บัตรพนักงาน) | L27: ='สรุปใช้งบ 31กค'!H31 -> 147000 | M27: ='สรุปใช้งบ 31กค'!L31 -> 46866 | N27: =IFERROR(M27/L27-1,1) -> -0.68118367 | O27: ='[14]2570'!$F$16 -> 195000 | P27: =O27-L27 -> 48000 | Q27: =IFERROR(O27/L27-1,1) -> 0.32653061 | R27: =IF(O27>L27,"เพิ่มขึ้น",IF(O27<L27,"ลดลง",IF(O27=L27,"--"))) -> เพิ่มขึ้น | S27: ราคาบัตร RFID เพิ่มขึ้นอย่างมีนัยสำคัญ (860 >> 2,500 บาท) ตั้งตามความต้องการใช้ในแต่ละปี โดยพิจารณา stock ที่มีอยู่ปัจุบันและตั้งให้พอใช้ทั้งปี 70 | T27: - | U27: 0
B28: เอกสารแนบ สีแดง สงสัย | D28: 5031219000 | E28: A10 | F28: 10. ค่าวัสดุทั่วไป | H28: 1.วัสดุในงานห้องบัตร เช่น บัตร RFID 2. วัสดุส่วนกลาง เช่น วัสดุสำนักงาน 3.วัสดุงาน รปภ. เช่น ถังดับเพลิง ผ้าคลุมรถ EV ฯลฯ | L28: ='สรุปใช้งบ 31กค'!H24 -> 305300 | M28: ='สรุปใช้งบ 31กค'!L24 -> 126239.72 | N28: =IFERROR(M28/L28-1,1) -> -0.58650599 | O28: ='[15]2570'!$E$8 -> 1580000 | P28: =O28-L28 -> 1274700 | Q28: =IFERROR(O28/L28-1,1) -> 4.1752375 | R28: =IF(O28>L28,"เพิ่มขึ้น",IF(O28<L28,"ลดลง",IF(O28=L28,"--"))) -> เพิ่มขึ้น | S28: มีรายการเพิ่มขึ้นอย่างมีนัยสำคัญดังนี้ -เพิ่มวัสดุเกี่ยวกับการระงับเหตุ EV ประมาณ 400,000.- -อุปกรณ์ห้องบัตร ประมาณ 370,000.- - อุปกรณ์เพื่อยกประสิทธิภาพระงับเหตุ ประมาณ 150,000.- | T28: - | U28: 0
C29: 0k | D29: ='สรุปใช้งบ 31กค'!B26 -> 5031138000 | E29: A11 | F29: 11. ค่าใช้จ่ายในการจัดงานและพิธีต่าง ๆ | H29: จัดงาน Financial Crime Investigation | L29: ='สรุปใช้งบ 31กค'!H26 -> 150000 | M29: ='สรุปใช้งบ 31กค'!L26 -> 0 | N29: =IFERROR(M29/L29-1,1) -> -1 | O29: ='[16]2570'!$D$13 -> 150000 | P29: =O29-L29 -> 0 | Q29: =IFERROR(O29/L29-1,1) -> 0 | R29: =IF(O29>L29,"เพิ่มขึ้น",IF(O29<L29,"ลดลง",IF(O29=L29,"--"))) -> -- | S29: -วางแผนจัด ก.ย.-ต.ค. 69 (ปี 69 จัด 16-18 ก.ย.69) -จัดงานเหมือนปี69 (จัดอบรมซึ่งมีบุคคลภายนอก ไม่สามารถตั้งเป็นงบอบรมได้) | T29: - | U29: 0
C30: 0k | D30: ='สรุปใช้งบ 31กค'!B27 -> 5031144000 | E30: A12 | F30: 12. ค่ารับรอง | H30: 1. ค่ารับรองของ ผอ. 2. ค่ารับรองของ ศปภ. 5 แห่ง | L30: ='สรุปใช้งบ 31กค'!H27 -> 80000 | M30: ='สรุปใช้งบ 31กค'!L27 -> 24068 | N30: =IFERROR(M30/L30-1,1) -> -0.69915 | O30: ='[17]2570'!$C$20 -> 80000 | P30: =O30-L30 -> 0 | Q30: =IFERROR(O30/L30-1,1) -> 0 | R30: =IF(O30>L30,"เพิ่มขึ้น",IF(O30<L30,"ลดลง",IF(O30=L30,"--"))) -> -- | S30: จำเป็นต้องสร้าง connection เหมือนเดิม | T30: - | U30: 0
C31: ok | D31: ='สรุปใช้งบ 31กค'!B28 -> 5031134000 | E31: A13 | F31: 13. ค่าใช้จ่ายเดินทาง | H31: ค่าเบี้ยเลี้ยง ที่พัก และพาหนะเดินทาง มี 5 ส่วน ดังนี้ | L31: =SUM(L32:L35) -> 1597000 | M31: ='สรุปใช้งบ 31กค'!L28 -> 369502.95 | N31: =IFERROR(M31/L31-1,1) -> -0.76862683 | O31: =SUM(O32:O35) -> 1550000 | P31: =O31-L31 -> -47000 | Q31: =IFERROR(O31/L31-1,1) -> -0.029430182 | R31: =IF(O31>L31,"เพิ่มขึ้น",IF(O31<L31,"ลดลง",IF(O31=L31,"--"))) -> ลดลง | S31: ปรับกระบวนการ ศอก. ใช้คนตรวจน้อยลงเป็นสำคัญ | T31: - | U31: 0
H32: 1. ศปภ.เยี่ยมครอบครัว | L32: =Dataผลพิปี69!U63 -> 460000 | M32: n.a. | N32: =IFERROR(M32/L32-1,1) -> 1 | O32: ='[18]รวม คชจ.ปี 70'!$C$23 -> 480000 | P32: =O32-L32 -> 20000 | Q32: =IFERROR(O32/L32-1,1) -> 0.043478261 | R32: =IF(O32>L32,"เพิ่มขึ้น",IF(O32<L32,"ลดลง",IF(O32=L32,"--"))) -> เพิ่มขึ้น | S32: 1.มีกลุ่มคนประจำต่างสำนักงานมากขึ้น | T32: - | U32: 0
H33: 2. ผู้บริหาร ศปก. / ศอก. เดินทางไปภูมิภาค /หชป.เวียนงาน | L33: =Dataผลพิปี69!U64 -> 587000 | M33: n.a. | N33: =IFERROR(M33/L33-1,1) -> 1 | O33: ='[18]รวม คชจ.ปี 70'!$C$24 -> 500000 | P33: =O33-L33 -> -87000 | Q33: =IFERROR(O33/L33-1,1) -> -0.14821124 | R33: =IF(O33>L33,"เพิ่มขึ้น",IF(O33<L33,"ลดลง",IF(O33=L33,"--"))) -> ลดลง | S33: 2.ศอก./ศปภ. ใช้คนตรวจน้อยลง / ทริป ผอ. ลดลง | T33: - | U33: 0
H34: 3. ศปภ. โยกย้าย | L34: =Dataผลพิปี69!U65 -> 400000 | M34: n.a. | N34: =IFERROR(M34/L34-1,1) -> 1 | O34: ='[18]รวม คชจ.ปี 70'!$C$25 -> 420000 | P34: =O34-L34 -> 20000 | Q34: =IFERROR(O34/L34-1,1) -> 0.05 | R34: =IF(O34>L34,"เพิ่มขึ้น",IF(O34<L34,"ลดลง",IF(O34=L34,"--"))) -> เพิ่มขึ้น | S34: 3.โยกย้ายมากขึ้น เมื่อหลักเกณฑ์ท้องถิ่นออกปีแรก | T34: - | U34: 0
H35: 4. งานสืบสวนและประมวลข่าว | L35: =Dataผลพิปี69!U66 -> 150000 | M35: n.a. | N35: =IFERROR(M35/L35-1,1) -> 1 | O35: ='[18]รวม คชจ.ปี 70'!$C$26 -> 150000 | P35: =O35-L35 -> 0 | Q35: =IFERROR(O35/L35-1,1) -> 0 | R35: =IF(O35>L35,"เพิ่มขึ้น",IF(O35<L35,"ลดลง",IF(O35=L35,"--"))) -> -- | S35: 4. ตั้งเท่าปีก่อน /เพียงพอใช้ | T35: - | U35: 0
C36: ok | D36: ='สรุปใช้งบ 31กค'!B29 -> 5031107000 | E36: A14 | F36: 14. ค่าธรรมเนียมอื่น ๆ | H36: 1. ค่าความถี่และค่าต่ออายุวิทยุสื่อสาร 2. ใบอนุญาตยุทธภัณฑ์ 3. ค่าตรวจรังสี พนง.รปภ. 7 เครื่อง และ 14 คน 4. ค่าจัดสรรคลื่นความถี่วิทยุ 5. ใบอนุญาตครอบครองเครื่องกำเนิดรังสี | L36: ='สรุปใช้งบ 31กค'!H29 -> 27000 | M36: ='สรุปใช้งบ 31กค'!L29 -> 1177 | N36: =IFERROR(M36/L36-1,1) -> -0.95640741 | O36: ='[19]2570'!$D$28 -> 40000 | P36: =O36-L36 -> 13000 | Q36: =IFERROR(O36/L36-1,1) -> 0.48148148 | R36: =IF(O36>L36,"เพิ่มขึ้น",IF(O36<L36,"ลดลง",IF(O36=L36,"--"))) -> เพิ่มขึ้น | S36: -ค่าธรรมเนียมใหม่ ได้แก่ ค่าบริการ Internet SIM รายปี สำหรับ Body Camara -สำรองฉุกเฉิน | T36: - | U36: 0
B37: มีโปรใช้ร่วมกัน | C37: เช็คโปร? | D37: ='สรุปใช้งบ 31กค'!B32 -> 5031118000 | E37: A15-1 | F37: 15. ค่าสิทธิ์การใช้โปรแกรมส่วนงาน | H37: ใช้โปรแกรม Canva Pro 4 license | L37: ='สรุปใช้งบ 31กค'!H32 -> 6300 | M37: ='สรุปใช้งบ 31กค'!L32 -> 5550 | N37: =IFERROR(M37/L37-1,1) -> -0.11904762 | O37: ='[20]ค่าสิทธิการใช้โปรแกรม ปี 70'!$H$202 -> 8800 | P37: =O37-L37 -> 2500 | Q37: =IFERROR(O37/L37-1,1) -> 0.3968254 | R37: =IF(O37>L37,"เพิ่มขึ้น",IF(O37<L37,"ลดลง",IF(O37=L37,"--"))) -> เพิ่มขึ้น | S37: เพิ่ม 1 licence รวมเป็น 4 licence (ศอก. 2, ศสป. 1, ศปภ. 1) | T37: 4 | U37: ='[20]ค่าสิทธิการใช้โปรแกรม ปี 70'!$I$202 -> 8800
C38: ok | D38: ='สรุปใช้งบ 31กค'!B33 -> 5031133000 | E38: A15-2 | F38: 16. ค่าสิทธิ์การใช้โปรแกรมส่วนกลาง | H38: ใช้โปรแกรม Adobe 1 license | L38: ='สรุปใช้งบ 31กค'!H33 -> 23000 | M38: =L38 -> 23000 | N38: =IFERROR(M38/L38-1,1) -> 0 | O38: ='[21]ค่าสิทธิการใช้โปรแกรม ปี 70'!$H$202 -> 48000 | P38: =O38-L38 -> 25000 | Q38: =IFERROR(O38/L38-1,1) -> 1.0869565 | R38: =IF(O38>L38,"เพิ่มขึ้น",IF(O38<L38,"ลดลง",IF(O38=L38,"--"))) -> เพิ่มขึ้น | S38: เพิ่ม 1 licence รวมเป็น 2 licence (พนง. 1,OS 1) + ราคาปรับตัวเพิ่ม | T38: 1 | U38: ='[21]ค่าสิทธิการใช้โปรแกรม ปี 70'!$I$202 -> 0
C39: ok | D39: ='สรุปใช้งบ 31กค'!B30 -> 5031131000 | E39: A16 | F39: 17. ค่าใช้จ่ายในการสืบสวนเกี่ยวกับงาน รปภ. | H39: ใช้สืบสวนของ ทสส.1-2 | L39: ='สรุปใช้งบ 31กค'!H30 -> 220000 | M39: ='สรุปใช้งบ 31กค'!L30 -> 60000 | N39: =IFERROR(M39/L39-1,1) -> -0.72727273 | O39: ='[22]2570'!$E$7 -> 220000 | P39: =O39-L39 -> 0 | Q39: =IFERROR(O39/L39-1,1) -> 0 | R39: =IF(O39>L39,"เพิ่มขึ้น",IF(O39<L39,"ลดลง",IF(O39=L39,"--"))) -> -- | S39: ตั้งเท่าปีก่อน /เพียงพอใช้ | T39: - | U39: 0
C40: หน่วยงานที่ขอตั้ง | D40: 2. หมวดสินทรัพย์ถาวร | H40: จำนวนปี 69 | I40: ราคา @ ปี 69 | J40: จำนวนปี 70 | K40: ราคา @ ปี 70 | L40: =SUM(L41:L80) -> 29633600 | M40: =SUM(M41:M80) -> 25333985 | N40: =IFERROR(M40/L40-1,1) -> -0.14509256 | O40: =SUM(O41:O80) -> 37441500 | P40: =O40-L40 -> 7807900 | Q40: =IFERROR(O40/L40-1,1) -> 0.26348132 | R40: =IF(O40>L40,"เพิ่มขึ้น",IF(O40<L40,"ลดลง",IF(O40=L40,"--"))) -> เพิ่มขึ้น | U40: =SUM(U41:U80) -> 0
B41: รอแบบขอ / ฝจอ ไม่บวก 10% | C41: ฝจอ ไม่บวกราคา | D41: AUC | E41: B1 | F41: ระบบห้องควบคุม ฝรภ. อาคาร 1 และ 2 (Wall monitor ห้องควบคุม อาคาร 1, 2 และซื้อเครื่อง HDR จำนวน 9 เครื่อง และ work station จำนวน 1 เครื่องห้องควบคุมอาคาร 2) | H41: -- | I41: 0 | J41: 1 | K41: =ROUNDUP(1630894,-4) -> 1640000 | N41: =IFERROR(M41/L41-1,1) -> 1 | O41: =K41*J41 -> 1640000 | P41: =O41-L41 -> 1640000 | Q41: =IFERROR(O41/L41-1,1) -> 1 | R41: =IF(O41>L41,"เพิ่มขึ้น",IF(O41<L41,"ลดลง",IF(O41=L41,"--"))) -> เพิ่มขึ้น | S41: เป็นการปรับปรุงเพื่อให้รองรับการปฏิบัติงาน OS และการกำกับควบคุม OS ซึ่งผ่านการหารือ ฝจอ. ฝทส. ฝสภ. แล้ว
B42: รอแบบขอ | C42: ฝจอ ไม่บวกราคา | D42: AUC | E42: B2 | F42: ระบบแจ้งเตือนขอความช่วยเหลือเมื่อเกิดเหตุการณ์ไม่ปกติ (Auto dialer + Panic Switch) | H42: -- | I42: 0 | J42: 1 | K42: =ROUNDUP(150000,-4) -> 150000 | L42: 0 | M42: 0 | N42: =IFERROR(M42/L42-1,1) -> 1 | O42: =K42*J42 -> 150000 | P42: =O42-L42 -> 150000 | Q42: =IFERROR(O42/L42-1,1) -> 1 | R42: =IF(O42>L42,"เพิ่มขึ้น",IF(O42<L42,"ลดลง",IF(O42=L42,"--"))) -> เพิ่มขึ้น | S42: 1.Auto dialer: ติดตั้งอาคาร 1 + 2 ห้องละ 3 ตัว 2.Panic Switch: ติดตั้ง อาคาร ศรร.
B43: ราคาไม่รวมอุปกรณ์ ราคายังมียี่ห้อเดียว | C43: ศอก ราคา+5% | D43: AUC | E43: B3 | F43: รถขนส่ง (รถยนต์โดยสารแบบมีประตู 2 ด้าน +อุปกรณ์) | H43: -- | I43: 0 | J43: 2 | K43: =ROUNDUP((2339000+368508)*110%,-4) -> 2980000 | L43: 0 | M43: 0 | N43: =IFERROR(M43/L43-1,1) -> 1 | O43: =K43*J43 -> 5960000 | P43: =O43-L43 -> 5960000 | Q43: =IFERROR(O43/L43-1,1) -> 1 | R43: =IF(O43>L43,"เพิ่มขึ้น",IF(O43<L43,"ลดลง",IF(O43=L43,"--"))) -> เพิ่มขึ้น | S43: ทดแทนของเก่า อายุงาน 10 ปี (เกณฑ์อายุใช้งานธนาคาร 6 ปี)
C44: ศอก ราคา+5% | E44: B4 | F44: รถขนส่ง (รถยนต์ SUV +อุปกรณ์) | H44: -- | I44: 0 | J44: 1 | K44: =ROUNDUP((1904000+368508)*110%,-4) -> 2500000 | L44: 0 | M44: 0 | N44: =IFERROR(M44/L44-1,1) -> 1 | O44: =K44*J44 -> 2500000 | P44: =O44-L44 -> 2500000 | Q44: =IFERROR(O44/L44-1,1) -> 1 | R44: =IF(O44>L44,"เพิ่มขึ้น",IF(O44<L44,"ลดลง",IF(O44=L44,"--"))) -> เพิ่มขึ้น | S44: ทดแทนของเก่า อายุงาน 11 ปี (เกณฑ์อายุใช้งานธนาคาร 6 ปี)
B45: คำขอขาดรหัสสินทรัพย์เดิม | C45: ฝจอ ไม่บวกราคา | D45: AUC | E45: B5 | F45: ระบบตรวจใต้ท้องรถยนต์ (UVSS) | H45: 1 | I45: ='ผลพิ69-สรุป'!I49 -> 3902400 | J45: 1 | K45: 1300000 | L45: ='สรุปใช้งบ 31กค'!H45 -> 3902400 | M45: ='สรุปใช้งบ 31กค'!L45 -> 1000000 | N45: =IFERROR(M45/L45-1,1) -> -0.74374744 | O45: =K45*J45 -> 1300000 | P45: =O45-L45 -> -2602400 | Q45: =IFERROR(O45/L45-1,1) -> -0.66687167 | R45: =IF(O45>L45,"เพิ่มขึ้น",IF(O45<L45,"ลดลง",IF(O45=L45,"--"))) -> ลดลง | S45: 1. ติดตั้งอาคาร ศรร. (ทดแทนของเดิม) 2. ปี 69 ตั้งงบซื้อยี่ห้อเดียวกับที่ติดตั้ง ต.1 แต่จัดซื้อจริง เปลี่ยนยี่ห้อสืบราคาได้ราคาต่ำสุดเป็นของ บ.apple scientific
C46: ศปภ ราคา+5% | D46: 1800012085 | E46: B6 | F46: =[23]แบบสำรวจอุปกรณ์!$D$22 -> อุปกรณ์เคลื่อนย้ายรถ | H46: -- | I46: 0 | J46: =[23]แบบสำรวจอุปกรณ์!$AB$22 -> 1 | K46: =ROUNDUP(23433*110%,-3) -> 26000 | L46: 0 | M46: 0 | N46: =IFERROR(M46/L46-1,1) -> 1 | O46: =K46*J46 -> 26000 | P46: =O46-L46 -> 26000 | Q46: =IFERROR(O46/L46-1,1) -> 1 | R46: =IF(O46>L46,"เพิ่มขึ้น",IF(O46<L46,"ลดลง",IF(O46=L46,"--"))) -> เพิ่มขึ้น | S46: ทดแทนของเดิมชำรุด
C47: ศอก | D47: 1800009014 | E47: B7 | F47: ระบบกล้อง CCTV ติดรถยนต์ แบบ IP Camera System (กล้องหน้ารถขนส่ง) | H47: -- | I47: 0 | J47: 10 | K47: =ROUNDUP((189900)*105%,-3) -> 200000 | L47: 0 | M47: 0 | N47: =IFERROR(M47/L47-1,1) -> 1 | O47: =K47*J47 -> 2000000 | P47: =O47-L47 -> 2000000 | Q47: =IFERROR(O47/L47-1,1) -> 1 | R47: =IF(O47>L47,"เพิ่มขึ้น",IF(O47<L47,"ลดลง",IF(O47=L47,"--"))) -> เพิ่มขึ้น | S47: ทดแทนของเดิมเสื่อมสภาพ มีปัญหาในการบันทึกภาพ
B48: รอปรับคำขอ | C48: ฝจอ | D48: 1800009015 | E48: B8 | F48: ระบบกล้อง CCTV ชนิด Fixed (แบบ box) | H48: -- | I48: 0 | J48: 3 | K48: =ROUNDUP((25000*107%),-3) -> 27000 | L48: 0 | M48: 0 | N48: =IFERROR(M48/L48-1,1) -> 1 | O48: =K48*J48 -> 81000 | P48: =O48-L48 -> 81000 | Q48: =IFERROR(O48/L48-1,1) -> 1 | R48: =IF(O48>L48,"เพิ่มขึ้น",IF(O48<L48,"ลดลง",IF(O48=L48,"--"))) -> เพิ่มขึ้น | S48: เพื่อให้มีกล้องสำรองเพียงพอตามความเหมาะสม ชึ่งเป็นไปตามบันทึกการประชุม กนร. ครั้งที่ 1/62
F49: ระบบกล้อง CCTV ชนิด Fixed (แบบ Dome) | H49: -- | I49: 0 | J49: 3 | K49: =ROUNDUP((24500*107%),-3) -> 27000 | L49: 0 | M49: 0 | N49: =IFERROR(M49/L49-1,1) -> 1 | O49: =K49*J49 -> 81000 | P49: =O49-L49 -> 81000 | Q49: =IFERROR(O49/L49-1,1) -> 1 | R49: =IF(O49>L49,"เพิ่มขึ้น",IF(O49<L49,"ลดลง",IF(O49=L49,"--"))) -> เพิ่มขึ้น
F50: ระบบกล้อง CCTV ชนิด Fixed (แบบ Fisheye) | H50: -- | I50: 0 | J50: 4 | K50: =ROUNDUP((27500*107%),-3) -> 30000 | L50: 0 | M50: 0 | N50: =IFERROR(M50/L50-1,1) -> 1 | O50: =K50*J50 -> 120000 | P50: =O50-L50 -> 120000 | Q50: =IFERROR(O50/L50-1,1) -> 1 | R50: =IF(O50>L50,"เพิ่มขึ้น",IF(O50<L50,"ลดลง",IF(O50=L50,"--"))) -> เพิ่มขึ้น
D51: 1800009016 | F51: ระบบกล้อง CCTV ชนิด PTZ | H51: =10 -> 10 | I51: ='สรุปใช้งบ 31กค'!H44/10 -> 176550 | J51: =5+6 -> 11 | K51: =ROUNDUP((140000*107%),-1) -> 149800 | L51: ='สรุปใช้งบ 31กค'!H44 -> 1765500 | M51: ='สรุปใช้งบ 31กค'!L44 -> 1765500 | N51: =IFERROR(M51/L51-1,1) -> 0 | O51: =K51*J51 -> 1647800 | P51: =O51-L51 -> -117700 | Q51: =IFERROR(O51/L51-1,1) -> -0.066666667 | R51: =IF(O51>L51,"เพิ่มขึ้น",IF(O51<L51,"ลดลง",IF(O51=L51,"--"))) -> ลดลง | S51: ตั้งให้มี Stock พอตามบันทึกฯ กบร.ครั้งที่ 1/62
C52: ศอก | D52: 1800009017 | E52: B9 | F52: กล้องโทรทัศน์วงจรปิดตรวจการณ์ ชนิดติดตัว (Body Camera) แบบ Live Stream | H52: -- | I52: 0 | J52: 5 | K52: =ROUNDUP((59000*105%),-3) -> 62000 | L52: 0 | M52: 0 | N52: =IFERROR(M52/L52-1,1) -> 1 | O52: =K52*J52 -> 310000 | P52: =O52-L52 -> 310000 | Q52: =IFERROR(O52/L52-1,1) -> 1 | R52: =IF(O52>L52,"เพิ่มขึ้น",IF(O52<L52,"ลดลง",IF(O52=L52,"--"))) -> เพิ่มขึ้น | S52: เพิ่มประสิทธิภาพลาดตระเวรส่งภาพสู่ Wall Room โดยใช้ Wi-Fi และซิมอินเทอร์เน็ต ช่วยให้ศูนย์สั่งการติดตามการเดินตรวจและสั่งการระงับเหตุฉุกเฉินได้ทันที
C53: ศอก | D53: 1800012038 | E53: B10 | F53: กล้อง Thermal (จุดชาร์จ EV) | H53: -- | I53: 0 | J53: 2 | K53: =630000/2 -> 315000 | L53: 0 | M53: 0 | N53: =IFERROR(M53/L53-1,1) -> 1 | O53: =K53*J53 -> 630000 | P53: =O53-L53 -> 630000 | Q53: =IFERROR(O53/L53-1,1) -> 1 | R53: =IF(O53>L53,"เพิ่มขึ้น",IF(O53<L53,"ลดลง",IF(O53=L53,"--"))) -> เพิ่มขึ้น | S53: ระบบตรวจจับความร้อนสูงผิดปกติที่จุดเชื่อมต่อ สายชาร์จ หรือแบตเตอรี่รถยนต์ไฟฟ้าตั้งแต่ระยะเริ่มต้น เพื่อป้องกันเหตุเพลิงใหม้
B54: รอแบบคำขอ | C54: ศอก | E54: B11 | F54: กล้อง Thermal (ที่จอดรถชั้น 1-4) | H54: -- | I54: 0 | J54: 100 | K54: 120000 | L54: 0 | M54: 0 | N54: =IFERROR(M54/L54-1,1) -> 1 | O54: =K54*J54 -> 12000000 | P54: =O54-L54 -> 12000000 | Q54: =IFERROR(O54/L54-1,1) -> 1 | R54: =IF(O54>L54,"เพิ่มขึ้น",IF(O54<L54,"ลดลง",IF(O54=L54,"--"))) -> เพิ่มขึ้น
B55: ราคาไม่ตรง/คำขอขาดรหัสสินทรัพย์เดิม | C55: ฝจอ | D55: 1800009024 | E55: B12 | F55: ระบบตรวจจับการบุกรุก (Beam Detector) | H55: -- | I55: 0 | J55: 6 | K55: =ROUNDUP((171200/6),-3) -> 29000 | L55: 0 | M55: 0 | N55: =IFERROR(M55/L55-1,1) -> 1 | O55: =K55*J55 -> 174000 | P55: =O55-L55 -> 174000 | Q55: =IFERROR(O55/L55-1,1) -> 1 | R55: =IF(O55>L55,"เพิ่มขึ้น",IF(O55<L55,"ลดลง",IF(O55=L55,"--"))) -> เพิ่มขึ้น | S55: -ทดแทนของเดิม -อายุใช้งานปัจจุบัน 6-10 ปี แล้ว -ราคาต่อหน่วย = ราคาเฉลี่ย เนื่องจากแบ่งเป็น 3 รุ่น (ระยะไกล กลาง สั้น)
B56: คำขอ+5หมื่น/ซื้อใหม่ | C56: ฝจอ | D56: 1800009007 | E56: B13 | F56: เครื่อง X-Ray | H56: 1 | I56: 1765500 | J56: 1 | K56: =ROUNDUP((1738750*105%),-4) -> 1830000 | L56: ='สรุปใช้งบ 31กค'!H48 -> 1765500 | M56: ='สรุปใช้งบ 31กค'!L48 -> 1760000 | N56: =IFERROR(M56/L56-1,1) -> -0.0031152648 | O56: =K56*J56 -> 1830000 | P56: =O56-L56 -> 64500 | Q56: =IFERROR(O56/L56-1,1) -> 0.03653356 | R56: =IF(O56>L56,"เพิ่มขึ้น",IF(O56<L56,"ลดลง",IF(O56=L56,"--"))) -> เพิ่มขึ้น | S56: -งบปี 70 ติดตั้งอาคาร 7 (เพิ่มจุดติดตั้ง) -งบปี 69 ติดตั้งอาคาร 2 (ทดแทนของเดิม)
B57: รอแบบคำขอ | C57: ฝจอ | D57: 1800009032 | E57: B14 | F57: เครื่องอ่าน RFID | H57: -- | I57: 0 | J57: 10 | K57: =ROUNDUP((1594300*105%),-4)/10 -> 168000 | L57: 0 | M57: 0 | N57: =IFERROR(M57/L57-1,1) -> 1 | O57: =K57*J57 -> 1680000 | P57: =O57-L57 -> 1680000 | Q57: =IFERROR(O57/L57-1,1) -> 1 | R57: =IF(O57>L57,"เพิ่มขึ้น",IF(O57<L57,"ลดลง",IF(O57=L57,"--"))) -> เพิ่มขึ้น | S57: -เปลี่ยนทุกจุด ปัจจุบันซ่อมเวียนใช้ อายุเกินไม่เหมาะซ่อมแล้ว -ปัจจุบันงานซ่อมแพงมาก การซื้อเครื่องที่ลดราคาค่าซ่อมด้วย
B58: ราคาไม่ตรง | C58: ฝจอ | D58: 1800009041 | E58: B15 | F58: เครื่องอ่านบัตร (Card reader บัตรเข้า-ออกส่วนงาน) | H58: -- | I58: 0 | J58: 10 | K58: =ROUNDUP((10165),-3) -> 11000 | L58: 0 | M58: 0 | N58: =IFERROR(M58/L58-1,1) -> 1 | O58: =K58*J58 -> 110000 | P58: =O58-L58 -> 110000 | Q58: =IFERROR(O58/L58-1,1) -> 1 | R58: =IF(O58>L58,"เพิ่มขึ้น",IF(O58<L58,"ลดลง",IF(O58=L58,"--"))) -> เพิ่มขึ้น | S58: -เป็น Stock ปกติควรมี 10 ตัว -ปัจจุบันอายุงาน 6-10 ปีแล้ว
C59: ศอก | E59: B16 | F59: เครื่องอ่านบัตร (บัตรประชาชน) | H59: -- | I59: 0 | J59: 5 | K59: =ROUNDUP((13500*107%)*105%,-3) -> 16000 | L59: 0 | M59: 0 | N59: =IFERROR(M59/L59-1,1) -> 1 | O59: =K59*J59 -> 80000 | P59: =O59-L59 -> 80000 | Q59: =IFERROR(O59/L59-1,1) -> 1 | R59: =IF(O59>L59,"เพิ่มขึ้น",IF(O59<L59,"ลดลง",IF(O59=L59,"--"))) -> เพิ่มขึ้น | S59: ทดแทนเครื่องเดิม เนื่องจากเครื่องเดิมยกเลิกการผลิต และไม่มีอะไหล่รองรับแล้ว
C60: ศอก | D60: 1800008011 | E60: B17 | F60: เครื่องถ่ายรูปบัตร B-Card | H60: -- | I60: 0 | J60: 7 | K60: =ROUNDUP((22200*107%)*105%,-3) -> 25000 | L60: 0 | M60: 0 | N60: =IFERROR(M60/L60-1,1) -> 1 | O60: =K60*J60 -> 175000 | P60: =O60-L60 -> 175000 | Q60: =IFERROR(O60/L60-1,1) -> 1 | R60: =IF(O60>L60,"เพิ่มขึ้น",IF(O60<L60,"ลดลง",IF(O60=L60,"--"))) -> เพิ่มขึ้น
C61: ศปภ | D61: 1800016041 | E61: B18 | F61: =[23]แบบสำรวจอุปกรณ์!$D$24 -> หมวกกันกระสุน (fast helmet) | H61: -- | I61: 0 | J61: 0 | K61: =[23]แบบสำรวจอุปกรณ์!$G$24 -> 10000 | L61: 0 | M61: 0 | N61: =IFERROR(M61/L61-1,1) -> 1 | O61: =K61*J61 -> 0 | P61: =O61-L61 -> 0 | Q61: =P61-M61 -> 0 | R61: =IF(O61>L61,"เพิ่มขึ้น",IF(O61<L61,"ลดลง",IF(O61=L61,"--"))) -> --
C62: ศอก | D62: 1800016041 | E62: B19 | F62: ปืนไฟฟ้า(Taser Gun) พร้อมชุดอุปกรณ์+กระสุนสำรอง | H62: -- | I62: 0 | J62: 7 | K62: =2156000/7 -> 308000 | L62: 0 | M62: 0 | N62: =IFERROR(M62/L62-1,1) -> 1 | O62: =K62*J62 -> 2156000 | P62: =O62-L62 -> 2156000 | Q62: =IFERROR(O62/L62-1,1) -> 1 | R62: =IF(O62>L62,"เพิ่มขึ้น",IF(O62<L62,"ลดลง",IF(O62=L62,"--"))) -> เพิ่มขึ้น | S62: เพื่อใช้จัดการเหตุที่ไม่ถึงระดับการใช้อาวุธปืน แต่มีความเสี่ยงสูง /ลดความเสี่ยงถูกฟ้องร้องกรณีจัดการเกินเหตุได้ (รบ.เห็นชอบแล้ว)
C63: ศอก | D63: 1800007034 | E63: B20 | F63: ตู้นิรภัย (ฝากอาวุธปืน ประจำ สนญ.) | H63: -- | I63: 0 | J63: 4 | K63: =38000/4 -> 9500 | L63: 0 | M63: 0 | N63: =IFERROR(M63/L63-1,1) -> 1 | O63: =K63*J63 -> 38000 | P63: =O63-L63 -> 38000 | Q63: =IFERROR(O63/L63-1,1) -> 1 | R63: =IF(O63>L63,"เพิ่มขึ้น",IF(O63<L63,"ลดลง",IF(O63=L63,"--"))) -> เพิ่มขึ้น | S63: เก็บอาวุธปืนก่อนเข้าปฏิบัติหน้าที่สายตรวจอาคาร ในจุดใต้กล้อง CCTV มีการล็อกที่แน่นหนา+เข้าถึงได้เฉพาะผู้มีอำนาจหน้าที่ ตามหลักนิรภัยสากล
C64: ศอก | D64: 1800011014 | E64: B21 | F64: เครื่องคอมพิวเตอร์ NoteBook | H64: -- | I64: 0 | J64: 4 | K64: 60000 | L64: 0 | M64: 0 | N64: =IFERROR(M64/L64-1,1) -> 1 | O64: =K64*J64 -> 240000 | P64: =O64-L64 -> 240000 | Q64: =IFERROR(O64/L64-1,1) -> 1 | R64: =IF(O64>L64,"เพิ่มขึ้น",IF(O64<L64,"ลดลง",IF(O64=L64,"--"))) -> เพิ่มขึ้น | S64: ใช้ Monitor สัญญาณภาพสด จากกล้อง Body Camera ชนิด Live Stream ที่ติดตัวเจ้าหน้าที่ ฝรภ.สายตรวจ มายังห้องควบคุม ฝรภ. หรือ War Room
C65: ศปภ | D65: 1800011028 | E65: B22 | F65: เครื่องไมโครคอมพิวเตอร์ | H65: 1 | I65: ='สรุปใช้งบ 31กค'!H36 -> 38000 | J65: 30 | K65: ='[24]ราคาครุภัณฑ์ IT ปี 70'!$E$7 -> 62400 | L65: ='สรุปใช้งบ 31กค'!H36 -> 38000 | M65: =L65 -> 38000 | N65: =IFERROR(M65/L65-1,1) -> 0 | O65: =K65*J65 -> 1872000 | P65: =O65-L65 -> 1834000 | Q65: =IFERROR(O65/L65-1,1) -> 48.263158 | R65: =IF(O65>L65,"เพิ่มขึ้น",IF(O65<L65,"ลดลง",IF(O65=L65,"--"))) -> เพิ่มขึ้น | S65: ทดแทนเครื่องเฉพาะกิจ สนญ. ที่มีอายุเกิน 5 ปี (ทุกเครื่อง 6 ปี)
B66: ทำไมใช้ราคาแพง | D66: 1800012060 | E66: B23 | F66: เครื่องอัดอากาศ (ช่วยหายใจในการผจญเพลิง) | H66: -- | I66: 0 | J66: =[23]แบบสำรวจอุปกรณ์!$AB$13 -> 1 | K66: 160700 | L66: 0 | M66: 0 | N66: =IFERROR(M66/L66-1,1) -> 1 | O66: =K66*J66 -> 160700 | P66: =O66-L66 -> 160700 | Q66: =IFERROR(O66/L66-1,1) -> 1 | R66: =IF(O66>L66,"เพิ่มขึ้น",IF(O66<L66,"ลดลง",IF(O66=L66,"--"))) -> เพิ่มขึ้น | S66: ทดแทนของเดิมที่ สนญ. ที่มีอายุ 18 ปี
B67: เป็นวัสด หรือครุภัณฑ์ | C67: ศปภ | E67: B24 | F67: ชุดช่วยหายใจ (SCBA) | H67: -- | I67: 0 | J67: 5 | K67: =ROUNDUP((363800/5)*105%,-4) -> 80000 | L67: 0 | M67: 0 | N67: =IFERROR(M67/L67-1,1) -> 1 | O67: =K67*J67 -> 400000 | P67: =O67-L67 -> 400000 | Q67: =IFERROR(O67/L67-1,1) -> 1 | R67: =IF(O67>L67,"เพิ่มขึ้น",IF(O67<L67,"ลดลง",IF(O67=L67,"--"))) -> เพิ่มขึ้น | S67: ทดแทนของเดิมที่ครบอายุการใช้งาน 20 ปี (ซื้อตามปี 50 ปี)
C68: ศปภ | D68: 1800007024 | E68: B25 | F68: เก้าอี้อื่นๆ (ประจำห้องควบคุม ยี่ห้อMerryfair รุ่น WAU2) | H68: -- | I68: 0 | J68: =[23]แบบสำรวจอุปกรณ์!$AB$19 -> 6 | K68: 13333.333 | L68: 0 | M68: 0 | N68: =IFERROR(M68/L68-1,1) -> 1 | O68: =K68*J68 -> 80000 | P68: =O68-L68 -> 80000 | Q68: =IFERROR(O68/L68-1,1) -> 1 | R68: =IF(O68>L68,"เพิ่มขึ้น",IF(O68<L68,"ลดลง",IF(O68=L68,"--"))) -> เพิ่มขึ้น | S68: spec พิเศษ ฝจอ.ให้ ฝรภ. จัดหา
C69: 70ไม่ซื้อ | D69: 1800011031 | E69: B26 | F69: จอคอมพิวเตอร์ | H69: 1 | I69: ='สรุปใช้งบ 31กค'!L37 -> 8000 | J69: -- | K69: 0 | L69: =I69 -> 8000 | M69: ='สรุปใช้งบ 31กค'!P37 -> 0 | N69: =IFERROR(D69/C69-1,1) -> 1 | O69: 0 | P69: 0 | Q69: =IFERROR(O69/L69-1,1) -> -1 | R69: =IF(O69>L69,"เพิ่มขึ้น",IF(O69<L69,"ลดลง",IF(O69=L69,"--"))) -> ลดลง | S69: ='สรุปใช้งบ 31กค'!S37 -> 1.รอง ผอ. อนุมัติ PR แล้ว เมื่อ 2 เม.ย. 69 2.คาดว่าจะได้ PC Q4 3.EPR ใหม่ งบจออยู่ที่ส่วนงาน (PC NB ฝทส.จัดหา) | T69: =J69 -> -- | U69: =K69 -> 0
C70: 70ไม่ซื้อ | D70: ='สรุปใช้งบ 31กค'!B38 -> 1800016008 | E70: B27 | F70: เสื้อเกราะกันกระสุน | H70: 21 | I70: =L70/H70 -> 32285.714 | J70: -- | K70: 0 | L70: ='สรุปใช้งบ 31กค'!H38 -> 678000 | M70: ='สรุปใช้งบ 31กค'!L38 -> 0 | N70: =IFERROR(D70/C70-1,1) -> 1 | O70: 0 | P70: 0 | Q70: =IFERROR(O70/L70-1,1) -> -1 | R70: =IF(O70>L70,"เพิ่มขึ้น",IF(O70<L70,"ลดลง",IF(O70=L70,"--"))) -> ลดลง | S70: ='สรุปใช้งบ 31กค'!S38 -> 1.กำลังทำ PR 2.คาดว่าเซ็นสัญญา เดือน ก.ย. 69 3.มีบริษัทน้อย จึงใช้วิธีคัดเลือก | T70: =J70 -> -- | U70: =K70 -> 0
C71: 70ไม่ซื้อ | D71: ='สรุปใช้งบ 31กค'!B39 -> 1800014020 | E71: B28 | F71: เครื่องขยายเสียง โทรโข่ง - แบบสายสะพาย | H71: 3 | I71: ='สรุปใช้งบ 31กค'!H39 -> 23000 | J71: -- | K71: 0 | L71: =I71 -> 23000 | M71: ='สรุปใช้งบ 31กค'!M39 -> 0 | N71: =IFERROR(D71/C71-1,1) -> 1 | O71: 0 | P71: 0 | Q71: =IFERROR(O71/L71-1,1) -> -1 | R71: =IF(O71>L71,"เพิ่มขึ้น",IF(O71<L71,"ลดลง",IF(O71=L71,"--"))) -> ลดลง | S71: ='สรุปใช้งบ 31กค'!S39 -> 1.ได้แบบมาพร้อมราคา ทั้งสองอย่าง 2.รอหารือและเลือกแบบที่ต้องการ 3.คาดว่าได้ของ ปลายเดือน มิ.ย.- ต้น ก.ค. 69 | T71: =J71 -> -- | U71: =K71 -> 0
C72: 70ไม่ซื้อ | E72: B29 | F72: เครื่องขยายเสียง โทรโข่ง - แบบคาดเอว | H72: 1 | J72: -- | K72: 0 | N72: =IFERROR(D72/C72-1,1) -> 1 | O72: 0 | P72: 0 | Q72: =IFERROR(O72/L72-1,1) -> 1 | T72: =J72 -> -- | U72: =K72 -> 0
C73: 70ไม่ซื้อ | D73: ='สรุปใช้งบ 31กค'!B40 -> 1800014095 | E73: B30 | F73: ปลาดาว (sound station) - ลำโพงห้องประชุม ฝรภ. | H73: 1 | I73: ='สรุปใช้งบ 31กค'!H40 -> 11000 | J73: -- | K73: 0 | L73: =I73 -> 11000 | M73: ='สรุปใช้งบ 31กค'!L40 -> 0 | N73: =IFERROR(D73/C73-1,1) -> 1 | O73: 0 | P73: 0 | Q73: =IFERROR(O73/L73-1,1) -> -1 | R73: =IF(O73>L73,"เพิ่มขึ้น",IF(O73<L73,"ลดลง",IF(O73=L73,"--"))) -> ลดลง | S73: ='สรุปใช้งบ 31กค'!S40 -> อยู่ระหว่างขอใบเสนอราคา 3 ราย เพื่อส่งให้ ฝทส.จัดหา | T73: =J73 -> -- | U73: =K73 -> 0
C74: 70ไม่ซื้อ | D74: ='สรุปใช้งบ 31กค'!B41 -> 1800025016 | E74: B31 | F74: รถจักรยานยนต์ | H74: 1 | I74: ='สรุปใช้งบ 31กค'!H41 -> 112000 | J74: -- | K74: 0 | L74: =I74 -> 112000 | M74: ='สรุปใช้งบ 31กค'!L41 -> 105000 | N74: =IFERROR(D74/C74-1,1) -> 1 | O74: 0 | P74: 0 | Q74: =IFERROR(O74/L74-1,1) -> -1 | R74: =IF(O74>L74,"เพิ่มขึ้น",IF(O74<L74,"ลดลง",IF(O74=L74,"--"))) -> ลดลง | S74: ='สรุปใช้งบ 31กค'!S41 -> 1.รอง ผอ.อนุมัติ PR แล้ว เมื่อ 6 มิ.ย. 69 2.คาดว่าได้รับของ ปลายเดือน มิ.ย. | T74: =J74 -> -- | U74: =K74 -> 0
C75: 70ไม่ซื้อ | D75: ='สรุปใช้งบ 31กค'!B42 -> 1800009004 | E75: B32 | F75: เครื่องตรวจโลหะชนิดประตูเดินผ่าน (walk through) | H75: 1 | I75: =L75 -> 310000 | J75: -- | K75: 0 | L75: ='สรุปใช้งบ 31กค'!H42 -> 310000 | M75: ='สรุปใช้งบ 31กค'!L42 -> 256800 | N75: =IFERROR(D75/C75-1,1) -> 1 | O75: 0 | P75: 0 | Q75: =IFERROR(O75/L75-1,1) -> -1 | R75: =IF(O75>L75,"เพิ่มขึ้น",IF(O75<L75,"ลดลง",IF(O75=L75,"--"))) -> ลดลง | S75: ='สรุปใช้งบ 31กค'!S42 -> 1.รอง ผอ.อนุมัติ PR แล้ว เมื่อ 27 ก.ค. 69 2.คาดว่าเซ็นสัญญาไม่เกิน เดือน ส.ค. 69 | T75: =J75 -> -- | U75: =K75 -> 0
C76: 70ไม่ซื้อ | D76: ='สรุปใช้งบ 31กค'!B43 -> 1800009031 | E76: B33 | F76: วิทยุสื่อสาร (walkie Talkie / วอดำ) | H76: 7 | I76: =L76 -> 56000 | J76: -- | K76: 0 | L76: ='สรุปใช้งบ 31กค'!H43 -> 56000 | M76: ='สรุปใช้งบ 31กค'!L43 -> 48685 | N76: =IFERROR(D76/C76-1,1) -> 1 | O76: 0 | P76: 0 | Q76: =IFERROR(O76/L76-1,1) -> -1 | R76: =IF(O76>L76,"เพิ่มขึ้น",IF(O76<L76,"ลดลง",IF(O76=L76,"--"))) -> ลดลง | S76: ='สรุปใช้งบ 31กค'!S42 -> 1.รอง ผอ.อนุมัติ PR แล้ว เมื่อ 27 ก.ค. 69 2.คาดว่าเซ็นสัญญาไม่เกิน เดือน ส.ค. 69 | T76: =J76 -> -- | U76: =K76 -> 0
C77: 70ไม่ซื้อ | D77: ='สรุปใช้งบ 31กค'!B46 -> 1800009013 | E77: B34 | F77: เครื่องควบคุมการผ่านเข้า-ออก รถยนต์ (ไม้กั้น) | H77: 8 | I77: =L77 -> 1753800 | J77: -- | K77: 0 | L77: ='สรุปใช้งบ 31กค'!H46 -> 1753800 | M77: ='สรุปใช้งบ 31กค'!L46 -> 1430000 | N77: =IFERROR(D77/C77-1,1) -> 1 | O77: 0 | P77: 0 | Q77: =IFERROR(O77/L77-1,1) -> -1 | R77: =IF(O77>L77,"เพิ่มขึ้น",IF(O77<L77,"ลดลง",IF(O77=L77,"--"))) -> ลดลง | S77: ='สรุปใช้งบ 31กค'!S46 -> 1.ผอ.อนุมัติ PR แล้ว เมื่อ 15 พ.ค. 69 2.คาดว่าเซ็นสัญญาไม่เกิน เดือน ส.ค. 69 3.งบเหลือ 3.2 แสนบาท | T77: =J77 -> -- | U77: =K77 -> 0
C78: 70ไม่ซื้อ | D78: ='สรุปใช้งบ 31กค'!B47 -> 2802609007 | E78: B35 | F78: เครื่องควบคุมการเปิด-ปิด (Access Control System) | H78: 1 | I78: ='สรุปใช้งบ 31กค'!H47 -> 13369200 | J78: -- | K78: 0 | L78: ='สรุปใช้งบ 31กค'!H47 -> 13369200 | M78: ='สรุปใช้งบ 31กค'!L47 -> 13100000 | N78: =IFERROR(D78/C78-1,1) -> 1 | O78: 0 | P78: 0 | Q78: =IFERROR(O78/L78-1,1) -> -1 | R78: =IF(O78>L78,"เพิ่มขึ้น",IF(O78<L78,"ลดลง",IF(O78=L78,"--"))) -> ลดลง | S78: ='สรุปใช้งบ 31กค'!S47 -> 1.ผอ.อนุมัติ PR แล้ว เมื่อ 21 พ.ค. 69 2.คาดว่าเซ็นสัญญาไม่เกิน เดือน ส.ค. 69 3.งบเหลือ 2.7 แสนบาท | T78: =J78 -> -- | U78: =K78 -> 0
C79: 70ไม่ซื้อ | D79: ='สรุปใช้งบ 31กค'!B49 -> 2802509002 | E79: B36 | F79: ='สรุปใช้งบ 31กค'!C49 -> งานติดตั้งระบบกล้องวงจรปิด CCTV วังบางขุนพรหม วังเทเวศร์ อาคาร 6 | H79: 1 | I79: ='สรุปใช้งบ 31กค'!H49 -> 4651200 | J79: -- | K79: 0 | L79: ='สรุปใช้งบ 31กค'!H49 -> 4651200 | M79: ='สรุปใช้งบ 31กค'!L49 -> 4650000 | N79: =IFERROR(D79/C79-1,1) -> 1 | O79: 0 | P79: 0 | Q79: =IFERROR(O79/L79-1,1) -> -1 | R79: =IF(O79>L79,"เพิ่มขึ้น",IF(O79<L79,"ลดลง",IF(O79=L79,"--"))) -> ลดลง | S79: ='สรุปใช้งบ 31กค'!S49 -> เสร็จแล้ว ตรวจรับแล้ว 2 เม.ย. 69 /ส่งมอบ 22 มิ.ย. 69 | T79: =J79 -> -- | U79: =K79 -> 0
C80: 70ไม่ซื้อ | D80: ='สรุปใช้งบ 31กค'!B50 -> 2802509003 | E80: B37 | F80: ='สรุปใช้งบ 31กค'!C50 -> งานติดตั้งระบบกล้องวงจรปิด CCTV ห้องประชุมส่วนกลางอาคาร 1, 2, 7 | H80: 1 | I80: ='สรุปใช้งบ 31กค'!H50 -> 1190000 | J80: -- | K80: 0 | L80: ='สรุปใช้งบ 31กค'!H50 -> 1190000 | M80: ='สรุปใช้งบ 31กค'!L50 -> 1180000 | N80: =IFERROR(D80/C80-1,1) -> 1 | O80: 0 | P80: 0 | Q80: =IFERROR(O80/L80-1,1) -> -1 | R80: =IF(O80>L80,"เพิ่มขึ้น",IF(O80<L80,"ลดลง",IF(O80=L80,"--"))) -> ลดลง | S80: ='สรุปใช้งบ 31กค'!S50 -> เสร็จแล้ว ตรวจรับแล้ว 3 ก.พ. 69 /ส่งมอบ 22 ก.พ. 69 | T80: =J80 -> -- | U80: =K80 -> 0
D81: รวมงบประมาณรายจ่ายทั้งสิ้น (หมวด 1 + หมวด 2) | L81: =SUM(L40,L5) -> 113586800 | M81: =SUM(M40,M5) -> 64126681 | N81: =IFERROR(M81/L81,1) -> 0.56456103 | O81: =SUM(O40,O5) -> 1.2104995e+08 | P81: =O81-L81 -> 7463154.4 | Q81: =IFERROR(O81/L81-1,1) -> 0.065704416 | R81: =IF(O81>L81,"เพิ่มขึ้น",IF(O81<L81,"ลดลง",IF(O81=L81,"--"))) -> เพิ่มขึ้น | S81: เพิมจากหมวดครุภัณฑ์ | T81: - | U81: =SUM(U40,U5) -> 1.0356309e+08
D85: หมายเหตุ
E86: B5 | F86: กล้อง CCTV ชนิด Fixed (แบบ Bullet) | H86: -- | I86: -- | L86: 0 | M86: 0 | N86: =IFERROR(M86/L86,1) -> 1 | O86: =K86*J86 -> 0 | P86: =O86-L86 -> 0 | R86: =IF(O86>L86,"เพิ่มขึ้น",IF(O86<L86,"ลดลง",IF(O86=L86,"--"))) -> -- | V86: 5

Sheet สรุปใช้งบ 31กค
A1: รายละเอียดผลการพิจารณางบประมาณรายจ่ายงานประจำและแผนงานประจำปี 2569 | E1: F103800: ฝ่ายรักษาความปลอดภัย | J1: ณ วันที่ 31 ก.ค. 69
L2: รหัสต้นทุนศูนย์ : | M2: -ศปภ. 103801 (เดิม 48004) | O2: -ศูนย์อื่น 103800 (เดิม 48001, 48011) | S2: ณ 31 ก.ค. 69
A3: หน่วยงานที่ขอตั้งงบประมาณ: 103800: ฝ.รักษาความปลอดภัย, 103801: ฝรภ.ศูนย์ปฏิบัติการรักษาความปลอดภัย
A4: เวอร์ชัน : ผ่านการพิจารณาจาก กกธ.
A7: กลุ่มงบประมาณ | B7: รหัสงบฯ (CI) New ERP | C7: ชื่องบประมาณ/ชื่อบัญชี | D7: คำนิยาม | F7: ผู้จัดซื้อ | G7: งบปี 69 ที่มี | J7: งบใช้แล้ว (PR+PO+กันงบ+ตัดจ่าย) | N7: งบคงเหลือ | R7: link ที่มางบ | S7: หมายเหตุ
A8: (superior CI) | G8: ยกงบปี 68 มา (งบเหลื่อมปี) | H8: งบปี 69 +/-จัดสรรระหว่างปี | I8: รวม | J8: งบปี 68 | K8: % ใช้ | L8: งบปี 69 | M8: % ใช้ | N8: งบปี 68 | O8: % เหลือ | P8: งบปี 69 | Q8: % เหลือ
A9: /กลุ่มครุภัณฑ์
A10: รวมงบประมาณรายจ่าย | G10: =SUM(G14:G20) -> 6840727.7 | H10: =SUM(H11,H12,H13,H14,H15,H16,H17,H18,H19,H20,H24,H26,H27,H28,H29,H30,H31,H32,H33,H34) -> 79578400 | I10: =SUM(I11,I12,I13,I14,I15,I16,I17,I18,I19,I20,I24,I26,I27,I28,I29,I30,I31,I32,I33,I34) -> 86581798 | J10: =SUM(J11,J12,J13,J14,J15,J16,J17,J18,J19,J20,J24,J26,J27,J28,J29,J30,J31,J32,J33,J34) -> 7003193.3 | K10: =SUM(K11,K12,K13,K14,K15,K16,K17,K18,K19,K20,K24,K26,K27,K28,K29,K30,K31,K32,K33,K34) -> 8.9270182 | L10: =SUM(L11,L12,L13,L14,L15,L16,L17,L18,L19,L20,L24,L26,L27,L28,L29,L30,L31,L32,L33,L34) -> 36188272 | M10: =L10/H10 -> 0.45474993 | N10: =SUM(N14:N20) -> 0 | O10: =N10/G10 -> 0 | P10: =SUM(P11,P12,P13,P14,P15,P16,P17,P18,P19,P20,P24,P26,P27,P28,P29,P30,P31,P32,P33,P34) -> 43390128 | Q10: =P10/H10 -> 0.54525007
A11: 30102 | B11: 5020102000 | C11: ค่าล่วงเวลาและค่าตอบแทนการทำงานเกินเวลา | D11: ฝรภ.ปฏิบัติงานแทน OS ที่หยุดงานและเกิดเหตุไม่ปกติ | F11: -- | H11: 310000 | I11: =SUM(G11:H11) -> 310000 | L11: =[27]Dataภาพรวม!G10+[27]Dataภาพรวม!L10+[27]Dataภาพรวม!M10+[27]Dataภาพรวม!N10-J11 -> 263759.21 | M11: =L11/H11 -> 0.85083616 | P11: =H11-L11 -> 46240.79 | Q11: =P11/H11 -> 0.14916384 | R11: A3 | S11: จ่ายไป 2 ครั้ง เป็น OT เดือน มี.ค. - มิ.ย. 69 (ตัดจ่าย ต้นปี-พ.ค.= 217,045.58 / มิ.ย. = 46,713.63) ต้องถัวจ่ายมาเพิ่ม 500,000 300,000.- จากงบ UVSS เพิ่อใช้ถึงสิ้นปี | U11: เฉลี่ยนเดือนละ | V11: 5 เดือน | W11: ไม่พอ | Z11: ให้น้องชินส่งให้ติ๋ว
A12: 30102 | B12: 5020104000 | C12: เงินช่วยเหลือพิเศษ | D12: ค่าช่วยเหลือสำหรับการเข้าเวร ซึ่งนอกเวลาปกติ/ วันหยุด | F12: -- | H12: 5640000 | I12: =SUM(G12:H12) -> 5640000 | L12: =[27]Dataภาพรวม!G11+[27]Dataภาพรวม!L11+[27]Dataภาพรวม!M11+[27]Dataภาพรวม!N11-J12 -> 3488800 | M12: =L12/H12 -> 0.61858156 | P12: =H12-L12 -> 2151200 | Q12: =P12/H12 -> 0.38141844 | R12: A1 | S12: 1.จ่ายไปแล้ว 6 เดือน เฉลี่ยจ่ายเดือนละ 510,480.- ล่าสุดจ่าย มิ.ย. =469,100.- 2.คงเหลืออีก 7 เดือน ต้องถัวจ่ายเพิ่ม 400,000 บาท จากงบ UVSS เพิ่อใช้ถึงสิ้นปี | V12: =[27]Dataภาพรวม!J11*5 -> 2345500 | W12: =P12-V12 -> -194300 | X12: ธค จ่าย มค | Y12: หลักการ อัตรา 103 คนจริง 100 | Z12: ใช้สถิติปี 69
A13: 30106 | B13: 5020305000 | C13: เงินช่วยเหลืออื่น ๆ | D13: รวมค่าใช้จ่าย 3 ส่วน: 1.ค่าจัดซื้อของเหมาจ่าย (ให้ครั้งเดียวเมื่อย้าย) 2.บ้านพัก/ค่าเช่าบ้าน @ 8,000/เดือน 3.เงินช่วยเหลือพิเศษ @ 5,500/เดือน | F13: -- | H13: =[27]Dataภาพรวม!F13 -> 6650000 | I13: =SUM(G13:H13) -> 6650000 | L13: =[27]Dataภาพรวม!G13+[27]Dataภาพรวม!L13+[27]Dataภาพรวม!M13+[27]Dataภาพรวม!N13-J13 -> 2100323.9 | M13: =L13/H13 -> 0.31583817 | P13: =H13-L13 -> 4549676.2 | Q13: =P13/H13 -> 0.68416183 | R13: A2 | S13: คงเหลืออีก 6 เดือน เพียงพอใช้ ดังนี้ 1. พนง. ต้องใช้เยี่ยมครอบครัวตามรอบอีก 2. รอบการย้าย พนง.ศปภ. จะอยู่ช่วงปลายปี
A14: 30107 | B14: 5020304000 | C14: ค่าเสื้อผ้าและเครื่องแบบ | D14: แจก ชุดปฏิบัติการ และชุดพิธีการ ตามวงรอบระเบียบ | F14: วิทวัส | G14: 58935.6 | H14: 457900 | I14: =SUM(G14:H14) -> 516835.6 | J14: 58935.6 | K14: =J14/G14 -> 1 | L14: =[27]Dataภาพรวม!G15+[27]Dataภาพรวม!L15+[27]Dataภาพรวม!M15+[27]Dataภาพรวม!N15-J14 -> 443910.8 | M14: =L14/H14 -> 0.96944922 | N14: =G14-J14 -> 0 | O14: =N14/G14 -> 0 | P14: =I14-J14-L14 -> 13989.2 | Q14: =P14/H14 -> 0.030550775 | R14: A4 | S14: 1.งบปี 68 เสร็จแล้ว : จัดหาเสื้อยืดคอปก ถุงเท้า 2.งบปี 69 ยังขาดหมวกหม้อตาล (ล่าสุด ก.ค. ทำป้ายชื่อ 3,000.-/ตัดชุดพิธีการ 9ชุด 24,075.-) | V14: =P14-[27]แผนจัดหา!Y22 -> -25810.8
A15: 30108 | B15: 5020306000 | C15: คชจ.กิจกรรมส่งเสริมค่านิยมร่วมขององค์กร (งบ สคส.) | D15: อัตรากำลัง @1,000.- ตามอัตราโครงสร้าง ฝรภ. | F15: -- | G15: 585 | H15: 165000 | I15: =SUM(G15:H15) -> 165585 | J15: 585 | K15: =J15/G15 -> 1 | L15: =[27]Dataภาพรวม!G17+[27]Dataภาพรวม!L17+[27]Dataภาพรวม!M17+[27]Dataภาพรวม!N17-J15 -> 26800.35 | M15: =L15/H15 -> 0.16242636 | N15: =G15-J15 -> 0 | O15: =N15/G15 -> 0 | P15: =H15-L15 -> 138199.65 | Q15: =P15/H15 -> 0.83757364 | R15: A5 | S15: ควรมีการกระตุ้นใช้
A16: 30109 | B16: 5020402000 | C16: ค่าฝึกอบรมและพัฒนาพนักงานส่วนงาน | D16: ค่าใช้จ่ายเพื่อส่งเสริมศักยภาพพนักงาน | F16: -- | G16: 17482.54 | H16: 1522500 | I16: =SUM(G16:H16) -> 1539982.5 | J16: =G16 -> 17482.54 | K16: =J16/G16 -> 1 | L16: =[27]Dataภาพรวม!G19+[27]Dataภาพรวม!L19+[27]Dataภาพรวม!M19+[27]Dataภาพรวม!N19-J16 -> 257470.89 | M16: =L16/H16 -> 0.1691106 | N16: =G16-J16 -> 0 | O16: =N16/G16 -> 0 | P16: =H16-L16 -> 1265029.1 | Q16: =P16/H16 -> 0.8308894 | R16: A6 | S16: ตามรอบส่วนใหญจัดอบรม H2/69 เช่น สัมมนาประจำปี
A17: 30202 | B17: 5031116000 | C17: ค่าจ้างงานรักษาความปลอดภัย | D17: ค่าจ้างเหมาบริการจากบุคคลภายนอก (outsource) | F17: -- | G17: 6758909.5 | H17: 55490000 | I17: =SUM(G17:H17) -> 62248910 | J17: =G17 -> 6758909.5 | K17: =J17/G17 -> 1 | L17: ='[7]กลุ่ม 1'!$A$28 -> 25574826 | M17: =L17/H17 -> 0.46089073 | N17: =G17-J17 -> 0 | O17: =N17/G17 -> 0 | P17: =H17-L17 -> 29915174 | Q17: =P17/H17 -> 0.53910927 | R17: new | S17: 1.เพียงพอใช้ตามรอบ 2.ยอดใช้งบปี 69 เป็นยอดจ่ายค่าจ้าง+OT จริงตามที่ตรวจรับแล้ว 3.ปี 69 อาจจะมีงบเหลือ จาก ฝรภ. ทำงานแทน OS ช่วงบอกเลิกสัญญา สพฐ. + มีค่าปรับจาก กลุ่ม 3 (ส่งกรมธรรม์ช้า) และกลุ่ม 5 Secom (ส่ง OS ไม่ครบ) แต่ช่วงนี้ต้องเก็บไว้สำรองสำหรับการจัดหาสัญญาใหม่ทดแทนสัญญาบอกเลิก
A18: 30203 | B18: 5031120000 | C18: ค่าจ้างแรงงานและทำของ | D18: ค่าจ้าง 3 รายการ : 1.ค่าซ่อมบัตร RFID 2.ค่าทดสอบเสื้อเกราะ 3.ค่าตรวจสอบเครื่องอัดอากาศช่วยหายใจในการดับเพลิง | F18: สุวิช | G18: 4815 | H18: 31000 | I18: =SUM(G18:H18) -> 35815 | J18: 4815 | K18: =J18/G18 -> 1 | L18: =[27]Dataภาพรวม!G23+[27]Dataภาพรวม!L23+[27]Dataภาพรวม!M23+[27]Dataภาพรวม!N23-J18 -> 24931 | M18: =L18/H18 -> 0.80422581 | N18: =G18-J18 -> 0 | O18: =N18/G18 -> 0 | P18: =H18-L18 -> 6069 | Q18: =P18/H18 -> 0.19577419 | R18: B5-3 | S18: 1.ดำเนินการแล้ว 1 รายการ (ซ่อมบัตร RFID) 2.ยกเลิกการทดสอบถัง SCBA ตั้งงบประมาณซื้อใหม่ปี 2570 | U18: เฉลี่ยนเดือนละ | V18: มิย.69
A19: 30203 | B19: 5031143000 | C19: ค่าตอบแทนบุคคลภายนอกอื่น ๆ | D19: ตร. ช่วยรักษาการณ์ ศปภ. | F19: -- | H19: 4341900 | I19: =SUM(G19:H19) -> 4341900 | L19: =[27]Dataภาพรวม!G24+[27]Dataภาพรวม!L24+[27]Dataภาพรวม!M24+[27]Dataภาพรวม!N24-J19 -> 2145450 | M19: =L19/H19 -> 0.494127 | P19: =H19-L19 -> 2196450 | Q19: =P19/H19 -> 0.505873 | R19: B7 | S19: 1.คงเหลือเพียงพอใช้ 2.งบน่าจะเหลือ 600,000 บาท เก็บไว้ใช้ Ad-Hoc | U19: =L19/5 -> 429090 | V19: =[27]Dataภาพรวม!J24 -> 339000
A20: 30205 | B20: 5031214000 | C20: ค่าซ่อมแซมบำรุงฯ-อุปกรณ์,ระบบคอมพิวเตอร์ งานค้าง : กระจายงบผูกพัน | D20: แบ่งเป็น 3 ส่วน ดังนี้ | H20: =SUM(H21:H23) -> 2414500 | I20: =SUM(G20:H20) -> 2414500 | L20: =SUM(L21:L23) -> 1205595.8 | M20: =L20/H20 -> 0.49931487 | P20: =H20-L20 -> 1208904.2 | Q20: =P20/H20 -> 0.50068513 | R20: B2 | S20: ยอดใช้ 3 MA ไม่รวม PO เนื่องจาก ฝจอ.ตั้งล่วงหน้าตามสัญญาทั้งปี
D21: 1. ค่าซ่อมบำรุง CCTV | F21: วิทวัส | H21: 2263100 | I21: =SUM(G21:H21) -> 2263100 | L21: 1131525 | M21: =L21/H21 -> 0.49998895 | P21: =H21-L21 -> 1131575 | Q21: =P21/H21 -> 0.50001105 | S21: 1. ทั้ง 2 สัญญาจ่ายปีละ 2 ครั้ง และจ่ายพร้อมกัน -ครั้งที่ 1 ครบ 31 มี.ค. 69 รับมอบงานแล้ว เม.ย. 69 -ครั้งที่ 2 ครบ 30 ก.ย. 69 กันเงิน PO จ่าย ต.ค. แล้ว 2. สัญญาบำรุง CCTV ต้องตั้งงบปี 70 โดย ฝรภ. และ สำนักงานภาคแยกกันตั้งงบแบ่งเป็น 3 PR แต่รวมกันจ้าง PO เดียว โดย ฝจอ.ให้ตัวเลข 3. สัญญาบำรุง Visitor ต้องตั้งงบปี 70 ฝรภ.ดำเนินการ | U21: PO ค่าซ่อม 3 รายการ | W21: สิ้นสุดสัญญา มีค 70
D22: 2. จ้างบริการบำรุงรักษาอุปกรณ์ Visitor Management (เครื่องอ่านบัตรประชาชน, เครื่องอ่าน Passport, เครื่องถ่ายรูปบัตร) | F22: สุวิช เดิมวิทวัส | H22: 106500 | I22: =SUM(G22:H22) -> 106500 | L22: 53205.75 | M22: =L22/H22 -> 0.49958451 | P22: =H22-L22 -> 53294.25 | Q22: =P22/H22 -> 0.50041549 | W22: สิ้นสุดสัญญา มีค 70
D23: 3. จ้างบำรุงรักษาเครื่องพิมพ์บัตร Access Card ยี่ห้อ Datacard (สัญญาปัจจุบันหมด 2 มี.ค. 69) >> ปี 69 ตั้งงบฯ ซื้อเครื่องใหม่ | F23: สุวิช | H23: 44900 | I23: =SUM(G23:H23) -> 44900 | L23: 20865 | M23: =L23/H23 -> 0.46469933 | P23: =H23-L23 -> 24035 | Q23: =P23/H23 -> 0.53530067 | S23: 1.สัญญาเก่า : ครบ 31 ส.ค. 69 กันเงิน PO จ่าย ก.ย. =22,363แล้ว 2.สัญญาใหม่ : ยังไม่ได้เปิด PR สัญญางวดปลายปี / ฝรภ.ดำเนินการ | U23: 22675.5 | V23: อุทัย | W23: สิ้นสุดสัญญา มีค 70
A24: 30206 | B24: 5031219000 | C24: ค่าวัสดุทั่วไป (ผลอนุมัติ : งบวัสดุอื่นย้ายกลับมารวมวัสดุทั่วไป) ต้องเช็คจ่ายเพิ่ม หมื่น+บาท | D24: จัดหา 2 ส่วน: 1.วัสดุในงานห้องบัตรและวัสดุส่วนกลาง 2.วัสดุเกี่ยวกับถังดับเพลิง และอาวุธปืน (อุปกรณ์ทำความสะอาด ซองปืน ฯลฯ) | F24: วิทวัส(ห้องบัตร) ฐิติรัฐ(อื่นๆ) | G24: 25841.81 | H24: 305300 | I24: =SUM(G24:H24) -> 331141.81 | J24: =5700+5681+13515.81+(25841.81-(5700+5681+13515.81)) -> 25841.81 | K24: =J24/G24 -> 1 | L24: =[27]Dataภาพรวม!G30+[27]Dataภาพรวม!L30+[27]Dataภาพรวม!M30+[27]Dataภาพรวม!N30-J24 -> 126239.72 | M24: =L24/H24 -> 0.41349401 | N24: =G24-J24 -> 0 | O24: =N24/G24 -> 0 | P24: =H24-L24 -> 179060.28 | Q24: =P24/H24 -> 0.58650599 | R24: B3 | S24: 1.วัสดุห้องบัตร ยังไม่จัดหา 2 รายการ (บัตรพาสติก /คลิปหนีบบัตร)
R25: B4 | S25: 2. วัสดุงาน รปภ. ยังไม่จัดหาเหลือถังดับเพลิง รอซื้อช่วงลดราคา ส.ค. 69
A26: 30207 | B26: 5031138000 | C26: ค่าใช้จ่ายในการจัดงานและพิธีต่าง ๆ | D26: จัดงาน Financial Crime Investigaion | F26: -- | G26: 131022.48 | H26: 150000 | I26: =SUM(G26:H26) -> 281022.48 | J26: =122780.5+8241.98 -> 131022.48 | K26: =J26/G26 -> 1 | L26: =[27]Dataภาพรวม!G32+[27]Dataภาพรวม!L32+[27]Dataภาพรวม!M32+[27]Dataภาพรวม!N32-J26 -> 0 | M26: =L26/H26 -> 0 | N26: =G26-J26 -> 0 | O26: =N26/G26 -> 0 | P26: =H26-L26 -> 150000 | Q26: =P26/H26 -> 1 | R26: B8 | S26: ปีนี้จัดงาน สภน. ให้ใช้งบดังนี้ 1.งบนี้ให้เบิกเฉพาะ ค่าใช้จ่ายเกี่ยวกับการจัดงาน 2.ค่าเดินทาง ให้เบิกงบค่าใช้จ่ายเดินทาง (Row 28)
A27: 30208 | B27: 5031144000 | C27: ค่ารับรอง | D27: ค่ารับรองของ ผอ. /ค่ารับรองของ ศปภ. 5 แห่ง | F27: -- | H27: 80000 | I27: =SUM(G27:H27) -> 80000 | L27: =[27]Dataภาพรวม!G34+[27]Dataภาพรวม!L34+[27]Dataภาพรวม!M34+[27]Dataภาพรวม!N34-J27 -> 24068 | M27: =L27/H27 -> 0.30085 | P27: =H27-L27 -> 55932 | Q27: =P27/H27 -> 0.69915 | R27: B9 | S27: พอใช้จ่าย
A28: 30209 | B28: 5031134000 | C28: ค่าใช้จ่ายเดินทาง | D28: ค่าเบี้ยเลี้ยง ที่พัก และพาหนะเดินทาง มี 4 ส่วน: 1.ศปภ.เยี่ยมครอบครัว 2. ผู้บริหาร ศปก. / ศอก. เดินทางไปภูมิภาค /หชป.เวียนงาน 3.ศปภ.โยกย้าย 4.งาน ศปส. | F28: -- | G28: 3000 | H28: 1597000 | I28: =SUM(G28:H28) -> 1600000 | J28: 3000 | K28: =J28/G28 -> 1 | L28: =[27]Dataภาพรวม!G36+[27]Dataภาพรวม!L36+[27]Dataภาพรวม!M36+[27]Dataภาพรวม!N36-J28 -> 369502.95 | M28: =L28/H28 -> 0.23137317 | N28: =G28-J28 -> 0 | O28: =N28/G28 -> 0 | P28: =H28-L28 -> 1227497.1 | Q28: =P28/H28 -> 0.76862683 | R28: B10 | S28: กระจุกตัวใช้จ่ายช่วง H2 ดังนี้ 1. รอบการย้าย พนง.ศปภ. จะอยู่ช่วง ต.ค. / ธ.ค. 69 2. มีการอบรม ศสป. ที่ สภน. 3. ศอก. ยังไม่ได้ออกตรวจ สนภ. 4. ผู้บริหารเดินสายสื่อสารรอบครึ่งปีหลังเพิ่มเติม
A29: 30211 | B29: 5031107000 | C29: ค่าธรรมเนียมอื่น ๆ | D29: ค่าใช้จ่าย 5 รายการ: 1.ค่าความถี่และค่าต่ออายุวิทยุสื่อสาร 2.ใบอนุญาตยุทธภัณฑ์ 3. ค่าตรวจรังสี พนง.รปภ. 7 เครื่อง+14 คน 4.ค่าจัดสรรคลื่นความถี่วิทยุ 5.ใบอนุญาตครอบครองเครื่องกำเนิดรังสี | F29: สุวิช | H29: 27000 | I29: =SUM(G29:H29) -> 27000 | L29: =[27]Dataภาพรวม!G38+[27]Dataภาพรวม!L38+[27]Dataภาพรวม!M38+[27]Dataภาพรวม!N38-J29 -> 1177 | M29: =L29/H29 -> 0.043592593 | P29: =H29-L29 -> 25823 | Q29: =P29/H29 -> 0.95640741 | R29: B8 | S29: 1.ดำเนินการแล้ว 3 รายการ (ค่าใช้ความถี่วิทยุคลื่น168.85 รายปี /ค่าที่จอดรถถูกยกเลิกให้จอด/ตรวจรังสีคน เม.ย.69) 2,.คงเหลือ 1 รายการ : ใบอนุญาต ยภ.5 หมด พ.ย. 69 รอจ่าย ธ.ค..69 (ค่าธรรมเนียบยุทธภัณฑ์)
A30: 30217 | B30: 5031131000 | C30: ค่าใช้จ่ายในการสืบสวนงานรักษาความปลอดภัย | D30: ใช้สืบสวนของ ทสส.1-2 | F30: -- | H30: 220000 | I30: =SUM(G30:H30) -> 220000 | L30: =[27]Dataภาพรวม!G42+[27]Dataภาพรวม!L42+[27]Dataภาพรวม!M42+[27]Dataภาพรวม!N42-J30 -> 60000 | M30: =L30/H30 -> 0.27272727 | P30: =H30-L30 -> 160000 | Q30: =P30/H30 -> 0.72727273 | R30: B12 | S30: 1.เงินสดในมือ ยกมาปี 68 = 24.54 บาท +เบิกปี 69 = 60,000 บาท รวมเงินสด = 60,024.54 บาท 2.ใช้จ่ายไปแล้ว = 58,489.16 บาท 3.คงเหลือเงินสดในมือ = 1,526.18.- กำลังกันงบเพิ่มให้อีก 20,000.-
A31: 30206 | B31: 5031218000 | C31: ค่าวัสดุคอมพิวเตอร์ | D31: จัดหา 3 รายการ 1.บัตร Mifare 2.RFID 3.Access Card (บัตรพนักงาน) | F31: สุวิช | H31: 147000 | I31: =SUM(G31:H31) -> 147000 | L31: 46866 | M31: =L31/H31 -> 0.31881633 | P31: =H31-L31 -> 100134 | Q31: =P31/H31 -> 0.68118367 | R31: B1 | S31: 1.โอนงบให้ ฝทส. (ฝรภ.จัดซื้อ แต่อนุมัติโดย ฝทส.) 2..-ดำเนินการแล้ว 1 รายการ (บัตร Mifare) -.คงเหลือ 2 รายการ (ขอยังเหลือ : บัตร RFID /บัตร Access) รอของหมด หรือ ซื้อ stock ปลายปี
A32: 30212 | B32: 5031118000 | C32: ค่าสิทธิการใช้โปรแกรมส่วนงาน | D32: ใช้โปรแกรม Canva Pro 3 license | F32: วัชระ | H32: 6300 | I32: =SUM(G32:H32) -> 6300 | L32: =[27]Dataภาพรวม!G40+[27]Dataภาพรวม!L40+[27]Dataภาพรวม!M40+[27]Dataภาพรวม!N40-J32 -> 5550 | M32: =L32/H32 -> 0.88095238 | P32: =H32-L32 -> 750 | Q32: =P32/H32 -> 0.11904762 | R32: B13 | S32: เสร็จแล้ว ชำระเงินและใช้ได้แล้ว ตั้งแต่ เม.ย. 69 (3 licence)
A33: 30212 | B33: 5031133000 | C33: ค่าสิทธิการใช้โปรแกรมส่วนกลาง | D33: ใช้โปรแกรม Adobe 1 license | F33: วิทวัส (ฝทส.จัดหาแทน) | H33: 23000 | I33: =SUM(G33:H33) -> 23000 | L33: 23000 | R33: B14 | S33: เสร็จแล้ว 1. โอนงบไป ฝทส. จัดซื้อให้ทั้ง ธปท. 2. ปัจจุบันผู้ใช้ชื่อ k.สุวิช แต่ k.วิทวัท ใช้
C34: ค่าเช่าเครื่องถ่ายเอกสาร | D34: ปี 69 เจ้าของงบคือ ฝจอ. | F34: วิทวัส | G34: 2806.18 | H34: - | I34: =SUM(G34:H34) -> 2806.18 | J34: 2601.38 | K34: =J34/G34 -> 0.92701822 | L34: =[27]Dataภาพรวม!G26+[27]Dataภาพรวม!L26+[27]Dataภาพรวม!M26+[27]Dataภาพรวม!N26-J34 -> 0 | M34: - | N34: =G34-J34 -> 204.8 | O34: =J34/G34 -> 0.92701822 | S34: เสร็จแล้ว : งบปี 68 ที่เหลือต้องคืนธนาคาร /ฝจอ.ตั้งงบปี 69 เป็นต้นไป
A35: หมวด 80 : งบสินทรัพย์ถาวร | C35: ชื่อครุภัณฑ์ | D35: จำนวน (ธนาคารอนุมัติ) | E35: ทีมที่ขอตั้งงบ | F35: ผู้จัดซื้อ | H35: =SUM(H36:H50) -> 29633600 | I35: =SUM(I36:I50) -> 29633600 | L35: =SUM(L36:L50) -> 25303985 | M35: =L35/H35 -> 0.85389507 | P35: =SUM(P36:P50) -> 4291615 | Q35: =P35/H35 -> 0.1448226 | S35: ยังไม่เปิด PR
A36: หมวด 11 | B36: 1800011028 | C36: เครื่องไมโครคอมพิวเตอร์ | D36: 1 | E36: ศอก. | F36: เสกสรร (ฝทส.จัดหาแทน) | H36: 38000 | I36: =SUM(H36:H36) -> 38000 | S36: 1.โอนงบไป ฝทส. จัดซื้อให้ทั้ง ธปท. 2.คาดว่าจะได้ PC Q4
B37: 1800011031 | C37: จอคอมพิวเตอร์ | D37: 1 | E37: ศอก. | F37: เสกสรร | H37: 8000 | I37: =SUM(H37:H37) -> 8000 | L37: =[27]Dataภาพรวม!G54+[27]Dataภาพรวม!L54+[27]Dataภาพรวม!M54+[27]Dataภาพรวม!N54-J37 -> 8000 | M37: =L37/H37 -> 1 | P37: =I37-L37 -> 0 | Q37: =P37/H37 -> 0 | S37: 1.รอง ผอ. อนุมัติ PR แล้ว เมื่อ 2 เม.ย. 69 2.คาดว่าจะได้ PC Q4 3.EPR ใหม่ งบจออยู่ที่ส่วนงาน (PC NB ฝทส.จัดหา)
A38: หมวด 16 | B38: 1800016008 | C38: เสื้อเกราะกันกระสุน | D38: 21 | E38: ศปภ. | F38: ธนกฤต | H38: 678000 | I38: =SUM(H38:H38) -> 678000 | L38: =[27]Dataภาพรวม!G59+[27]Dataภาพรวม!L59+[27]Dataภาพรวม!M59+[27]Dataภาพรวม!N59-J38 -> 0 | M38: =L38/H38 -> 0 | P38: =I38-L38 -> 678000 | Q38: =P38/H38 -> 1 | S38: 1.กำลังทำ PR 2.คาดว่าเซ็นสัญญา เดือน ก.ย. 69 3.มีบริษัทน้อย จึงใช้วิธีคัดเลือก
A39: หมวด 14 | B39: 1800014020 | C39: เครื่องขยายเสียง โทรโข่ง (Megaphone) | D39: 4 (แบบสายสะพาย 3 / แบบคาดเอว 1) | E39: ทญศ. | F39: เสกสรร | H39: 23000 | I39: =SUM(H39:H39) -> 23000 | L39: =[27]Dataภาพรวม!G56+[27]Dataภาพรวม!L56+[27]Dataภาพรวม!M56+[27]Dataภาพรวม!N56-J39 -> 0 | M39: =L39/H39 -> 0 | P39: =I39-L39 -> 23000 | Q39: =P39/H39 -> 1 | S39: 1.ได้แบบมาพร้อมราคา ทั้งสองอย่าง 2.รอหารือและเลือกแบบที่ต้องการ 3.คาดว่าได้ของ ปลายเดือน มิ.ย.- ต้น ก.ค. 69
A40: หมวด 14 | B40: 1800014095 | C40: ปลาดาว (sound station) | D40: 1 | E40: ประจำฝ่าย (ห้องประชุม 113) | F40: เสกสรร | H40: 11000 | I40: =SUM(H40:H40) -> 11000 | L40: =[27]Dataภาพรวม!G57+[27]Dataภาพรวม!L57+[27]Dataภาพรวม!M57+[27]Dataภาพรวม!N57-J40 -> 0 | M40: =L40/H40 -> 0 | P40: =I40-L40 -> 11000 | Q40: =P40/H40 -> 1 | S40: อยู่ระหว่างขอใบเสนอราคา 3 ราย เพื่อส่งให้ ฝทส.จัดหา
A41: หมวด 25 | B41: 1800025016 | C41: รถจักรยานยนต์ | D41: 1 | E41: ทญศ. | F41: ฐิติรัฐ | H41: 112000 | I41: =SUM(H41:H41) -> 112000 | L41: =[27]Dataภาพรวม!G61+[27]Dataภาพรวม!L61+[27]Dataภาพรวม!M61+[27]Dataภาพรวม!N61-J41 -> 105000 | M41: =L41/H41 -> 0.9375 | P41: =I41-L41 -> 7000 | Q41: =P41/H41 -> 0.0625 | S41: 1.รอง ผอ.อนุมัติ PR แล้ว เมื่อ 6 มิ.ย. 69 2.คาดว่าได้รับของ ปลายเดือน มิ.ย.
A42: หมวด 9 | B42: 1800009004 | C42: เครื่องตรวจจับโลหะชนิดประตูเดินผ่าน (walk through) | D42: 1 | E42: ทญศ. | F42: สุวิช | H42: 310000 | I42: =SUM(H42:H42) -> 310000 | L42: =[27]Dataภาพรวม!G47+[27]Dataภาพรวม!L47+[27]Dataภาพรวม!M47+[27]Dataภาพรวม!N47-J42 -> 256800 | M42: =L42/H42 -> 0.8283871 | P42: =I42-L42 -> 53200 | Q42: =P42/H42 -> 0.1716129 | S42: 1.รอง ผอ.อนุมัติ PR แล้ว เมื่อ 27 ก.ค. 69 2.คาดว่าเซ็นสัญญาไม่เกิน เดือน ส.ค. 69
B43: 1800009031 | C43: วิทยุสื่อสาร (walkie Talkie) | D43: 7 | E43: ทญศ. | F43: ฐิติรัฐ | H43: 56000 | I43: =SUM(H43:H43) -> 56000 | L43: =[27]Dataภาพรวม!G51+[27]Dataภาพรวม!L51+[27]Dataภาพรวม!M51+[27]Dataภาพรวม!N51-J43 -> 48685 | M43: =L43/H43 -> 0.869375 | P43: =I43-L43 -> 7315 | Q43: =P43/H43 -> 0.130625 | S43: 1.ผบ.สุนันทาฯ อนุมัติ PR แล้ว เมื่อ 25 พ.ค. 69 2.กำหนดส่งมอบของ 7 ส.ค. 69
B44: 1800009016 | C44: ระบบกล้อง CCTV แบบ IP Camera PTZ | D44: 10 | E44: ฝจอ. ปี69 | F44: วิทวัส | H44: 1765500 | I44: =SUM(H44:H44) -> 1765500 | L44: =[27]Dataภาพรวม!G50+[27]Dataภาพรวม!L50+[27]Dataภาพรวม!M50+[27]Dataภาพรวม!N50-J44 -> 1765500 | M44: =L44/H44 -> 1 | P44: =I44-L44 -> 0 | Q44: =P44/H44 -> 0 | S44: 1.ผอ.อนุมัติ PR แล้ว เมื่อ 30 ก.ค. 69 หมายเหตุ มีการยกเลิก PR เนื่องจากต้องมีการกำหนด Spec ใหม่ตามสินค้าที่มีในท้องตลาดตามที่ ฝจอ.แจ้งมา 2.กำหนดส่งมอบของ ..........
B45: 2802609005 | C45: ระบบตรวจใต้ท้องรถยนต์ (UVSS) | D45: 1 | E45: ฝจอ. ปี69 | F45: วิทวัส | H45: 3902400 | I45: =SUM(H45:H45) -> 3902400 | L45: =[27]Dataภาพรวม!G65+[27]Dataภาพรวม!L65+[27]Dataภาพรวม!M65+[27]Dataภาพรวม!N65-J45 -> 1000000 | M45: =L45/H45 -> 0.25625256 | P45: =I45-L45 -> 2902400 | Q45: =P45/H45 -> 0.74374744 | S45: 1.ผอ.อนุมัติ PR แล้ว เมื่อ 2 ก.ค. 69 (เดิม สนญ. จะจัดหาแบบ ต.1 ราคาประมาณ 3 ล้านบาท) 2.คาดว่าเซ็นสัญญาไม่เกิน เดือน ก.ย. 69 3.งบเหลือ 2.9 ล้านบาท | T45: ประชุมกับ ฝจอ. 27 พ.ค. 69
B46: 1800009013 | C46: เครื่องควบคุมการผ่านเข้า-ออกรถยนต์ (ไม้กั้น) | D46: 8 | E46: ฝจอ. ปี69 | F46: สุวิช | H46: 1753800 | I46: =SUM(H46:H46) -> 1753800 | L46: =[27]Dataภาพรวม!G49+[27]Dataภาพรวม!L49+[27]Dataภาพรวม!M49+[27]Dataภาพรวม!N49-J46 -> 1430000 | M46: =L46/H46 -> 0.81537233 | P46: =I46-L46 -> 323800 | Q46: =P46/H46 -> 0.18462767 | S46: 1.ผอ.อนุมัติ PR แล้ว เมื่อ 15 พ.ค. 69 2.คาดว่าเซ็นสัญญาไม่เกิน เดือน ส.ค. 69 3.งบเหลือ 3.2 แสนบาท
B47: 2802609007 | C47: เครื่องควบคุมการเปิด-ปิด (Access Control System) | D47: 1 | E47: ฝจอ. ปี69 | F47: สุวิช | H47: 13369200 | I47: =SUM(H47:H47) -> 13369200 | L47: =[27]Dataภาพรวม!G66+[27]Dataภาพรวม!L66+[27]Dataภาพรวม!M66+[27]Dataภาพรวม!N66-J47 -> 13100000 | M47: =L47/H47 -> 0.97986417 | P47: =I47-L47 -> 269200 | Q47: =P47/H47 -> 0.020135835 | S47: 1.ผอ.อนุมัติ PR แล้ว เมื่อ 21 พ.ค. 69 2.คาดว่าเซ็นสัญญาไม่เกิน เดือน ส.ค. 69 3.งบเหลือ 2.7 แสนบาท
B48: 1800009007 | C48: เครื่อง X-Ray | D48: 1 | E48: ฝจอ. ปี68 | F48: วิทวัส | H48: 1765500 | I48: =SUM(H48:H48) -> 1765500 | L48: =[27]Dataภาพรวม!G48+[27]Dataภาพรวม!L48+[27]Dataภาพรวม!M48+[27]Dataภาพรวม!N48-J48 -> 1760000 | M48: =L48/H48 -> 0.99688474 | P48: =I48-L48 -> 5500 | Q48: =P48/H48 -> 0.0031152648 | S48: เสร็จแล้ว ตรวจรับ 13 พ.ค. 69 /ส่งมอบ 30 ก.ย. 69
B49: 2802509002 | C49: งานติดตั้งระบบกล้องวงจรปิด CCTV วังบางขุนพรหม วังเทเวศร์ อาคาร 6 | D49: 1 | E49: ฝจอ. ปี68 | F49: วิทวัส | H49: 4651200 | I49: =SUM(H49:H49) -> 4651200 | L49: =[27]Dataภาพรวม!G63+[27]Dataภาพรวม!L63+[27]Dataภาพรวม!M63+[27]Dataภาพรวม!N63-J49 -> 4650000 | M49: =L49/H49 -> 0.999742 | P49: =I49-L49 -> 1200 | Q49: =P49/H49 -> 0.00025799794 | S49: เสร็จแล้ว ตรวจรับแล้ว 2 เม.ย. 69 /ส่งมอบ 22 มิ.ย. 69
B50: 2802509003 | C50: งานติดตั้งระบบกล้องวงจรปิด CCTV ห้องประชุมส่วนกลางอาคาร 1, 2, 7 | D50: 1 | E50: ฝจอ. ปี68 | F50: วิทวัส | H50: 1190000 | I50: =SUM(H50:H50) -> 1190000 | L50: =[27]Dataภาพรวม!G64+[27]Dataภาพรวม!L64+[27]Dataภาพรวม!M64+[27]Dataภาพรวม!N64-J50 -> 1180000 | M50: =L50/H50 -> 0.99159664 | P50: =I50-L50 -> 10000 | Q50: =P50/H50 -> 0.0084033613 | S50: เสร็จแล้ว ตรวจรับแล้ว 3 ก.พ. 69 /ส่งมอบ 22 ก.พ. 69
A51: รวมงบประมาณทั้งสิ้น | G51: =SUM(G35,G10) -> 6840727.7 | H51: =SUM(H35,H10) -> 109212000 | I51: =SUM(I35,I10) -> 1.162154e+08 | J51: =SUM(J35,J10) -> 7003193.3 | K51: =J51/G51 -> 1.0237498 | L51: =SUM(L35,L10) -> 61492257 | M51: =L51/H51 -> 0.56305403 | P51: =SUM(P35,P10) -> 47681743 | Q51: =P51/H51 -> 0.43659802

Sheet ผลพิ69-สรุป
A1: รายละเอียดผลการพิจารณางบประมาณรายจ่ายงานประจำและแผนงานประจำปี 2569
G2: รหัสต้นทุนศูนย์ : | H2: -ศปภ. 103801 (เดิม 48004) ศูนย์อื่น 103800 | K2: งบผูกผัน ปี 70-74 ธนาคารอนุมัติรวมอยู่ในปี 70 ปีเดียว ในปี 69 ฝรภ.ต้องจัดสรรงบเป็นรายปี ตามที่ต้องใช้จ่ายจริง /ช่วงเวลาจัดสรร เมื่อทราบค่าใช้จ่ายแต่ละหมวดที่แน่นอน (จัดสรรได้ทั้งปี) / อำนาจอนุมัติ ผอ.ฝรภ.
A3: F103800: ฝ่ายรักษาความปลอดภัย (เวอร์ชัน : ผ่านการพิจารณาจาก กกธ.) | C3: วันที่พิมพ์รายงาน: 17/12/2025 | H3: -ศูนย์อื่น 103800 (เดิม 48001, 48011)
A4: หน่วยงานที่ขอตั้งงบประมาณ: 103800: ฝ.รักษาความปลอดภัย, 103801: ฝรภ.ศูนย์ปฏิบัติการรักษาความปลอดภัย
A5: เวอร์ชัน : ผ่านการพิจารณาจาก กกธ.
A8: กลุ่มงบประมาณ | B8: รหัสงบประมาณ (CI) New ERP | C8: ชื่องบประมาณ/ชื่อบัญชี | D8: คำนิยาม | F8: คำขอของ ฝรภ. | I8: งบ ฝรภ. ที่ธนาคารอนุมัติ
A9: (superior CI) | F9: งบประจำปี | G9: งบผูกพัน | H9: รวมทั้งสิ้น | I9: งบประจำปี | K9: งบผูกพัน | M9: รวมทั้งสิ้น | N9: เหตุผล งบปี 2569 ที่เพิ่ม/ลด
A10: /กลุ่มครุภัณฑ์ | F10: ปี 2569 | G10: ปี 2570 | I10: ปี 2569 | J10: เพิ่ม/ลดจากคำขอ | K10: ปี 2570 | L10: เพิ่ม/ลดจากคำขอ
A11: รวมงบประมาณรายจ่ายดำเนินงาน | F11: =SUM(F12,F19) -> 79558422 | G11: =SUM(G12,G19) -> 111231035 | H11: =SUM(H12,H19) -> 190789457 | I11: =SUM(I12,I19) -> 80456500 | J11: =SUM(J12,J19) -> 1068078 | K11: =SUM(K12,K19) -> 65511900 | L11: =SUM(L12,L19) -> -45696135 | M11: =SUM(M12,M19) -> 145968400
A12: หมวด 1 : ค่าใช้จ่ายเกี่ยวกับพนักงาน | F12: =SUM(F13:F18) -> 14725350 | G12: 0 | H12: =SUM(F12:G12) -> 14725350 | I12: =SUM(I13:I18) -> 15793500 | J12: =SUM(J13:J18) -> 1068150 | K12: =SUM(K13:K18) -> 0 | L12: =K12-G12 -> 0 | M12: =SUM(I12,K12) -> 15793500
A13: 30102 | B13: 5020102000 | C13: ค่าล่วงเวลาและค่าตอบแทนการทำงานเกินเวลา | D13: ฝรภ.ปฏิบัติงานแทน OS ที่หยุดงานและเกิดเหตุไม่ปกติ | F13: 50000 | G13: 0 | H13: =SUM(F13:G13) -> 50000 | I13: 50000 | J13: =I13-F13 -> 0 | K13: 0 | L13: =K13-G13 -> 0 | M13: =SUM(I13,K13) -> 50000
B14: 5020104000 | C14: เงินช่วยเหลือพิเศษ | D14: ค่าช่วยเหลือสำหรับการเข้าเวร ซึ่งนอกเวลาปกติ/ วันหยุด | F14: 5900000 | G14: 0 | H14: =SUM(F14:G14) -> 5900000 | I14: 5900000 | J14: =I14-F14 -> 0 | K14: 0 | L14: =K14-G14 -> 0 | M14: =SUM(I14,K14) -> 5900000
A15: 30106 | B15: 5020305000 | C15: เงินช่วยเหลืออื่น ๆ | D15: รวมค่าใช้จ่าย 3 ส่วน: 1.ค่าจัดซื้อของเหมาจ่าย (ให้ครั้งเดียวเมื่อย้าย) 2.บ้านพัก/ค่าเช่าบ้าน @ 8,000/เดือน 3.เงินช่วยเหลือพิเศษ @ 5,500/เดือน | F15: 6650000 | G15: 0 | H15: =SUM(F15:G15) -> 6650000 | I15: 7698100 | J15: =I15-F15 -> 1048100 | K15: 0 | L15: =K15-G15 -> 0 | M15: =SUM(I15,K15) -> 7698100 | N15: เพิ่ม : รองรับการปรับเกณฑ์ อัตรา และกระบวนการทำงาน RIA/Lean เรื่อง การไปปฏิบัติงานในและต่างประเทศ และการเดินทางไปในงาน ธปท.
A16: 30107 | B16: 5020304000 | C16: ค่าเสื้อผ้าและเครื่องแบบ | D16: แจก ชุดปฏิบัติการ และชุดพิธีการ ตามวงรอบระเบียบ | F16: 457850 | G16: 0 | H16: =SUM(F16:G16) -> 457850 | I16: 457900 | J16: =I16-F16 -> 50 | K16: 0 | L16: =K16-G16 -> 0 | M16: =SUM(I16,K16) -> 457900 | N16: เพิ่ม : จากปัดเศษ
A17: 30108 | B17: 5020306000 | C17: คชจ.กิจกรรมส่งเสริมค่านิยมร่วมขององค์กร (งบ สคส.) | D17: อัตรากำลัง @1,000.- ตามอัตราโครงสร้าง ฝรภ. | F17: 145000 | G17: 0 | H17: =SUM(F17:G17) -> 145000 | I17: 165000 | J17: =I17-F17 -> 20000 | K17: 0 | L17: =K17-G17 -> 0 | M17: =SUM(I17,K17) -> 165000 | N17: เพิ่ม : ธนาคารให้ตามอัตราโครงสร้างที่ประกาศใน WEB (ฝรภ. เสนอ = อัตราที่ปรับโครงสร้างเสนอ รบ.)
A18: 30109 | B18: 5020402000 | C18: ค่าฝึกอบรมและพัฒนาพนักงานส่วนงาน | D18: ค่าใช้จ่ายเพื่อส่งเสริมศักยภาพพนักงาน | F18: 1522500 | G18: 0 | H18: =SUM(F18:G18) -> 1522500 | I18: 1522500 | J18: =I18-F18 -> 0 | K18: 0 | L18: =K18-G18 -> 0 | M18: =SUM(I18,K18) -> 1522500
A19: หมวด 2 : รายจ่ายดำเนินงานทั่วไป | F19: =SUM(F20:F23,F27:F35) -> 64833072 | G19: =SUM(G20:G23,G27:G35) -> 111231035 | H19: =SUM(H20:H23,H27:H35) -> 176064107 | I19: =SUM(I20:I23,I28:I33,I35) -> 64663000 | J19: =SUM(J20:J23,J28:J33,J35) -> -72 | K19: =SUM(K20:K23,K28:K33,K35) -> 65511900 | L19: =SUM(L20:L23,L28:L33,L35) -> -45696135 | M19: =SUM(I19,K19) -> 130174900 | N19: งบที่ธนาคารอนุมัติปี 69 ไม่รวมงบ ฝทส.
A20: 30202 | B20: 5031116000 | C20: ค่าจ้างงานรักษาความปลอดภัย | D20: ค่าจ้างเหมาบริการจากบุคคลภายนอก (outsource) | F20: 55490000 | G20: 109580000 | H20: =SUM(F20:G20) -> 165070000 | I20: 55490000 | J20: =I20-F20 -> 0 | K20: 63860000 | L20: =K20-G20 -> -45720000 | M20: =SUM(I20,K20) -> 119350000 | N20: งบผูกพันลดลง ไม่ให้ตั้งงบกลุ่ม 1 สนญ.ศรร. สัญญาใหม่ เริ่ม 1 พ.ค. 70 - 31 ต.ค. 71 (18 เดือนหลัง) โดยให้ ฝรภ. นำเสนอ กบน. พิจารณาก่อนขอตั้งงบฯ ประจำปี 2570
A21: 30203 | B21: 5031120000 | C21: ค่าจ้างแรงงานและทำของ | D21: ค่าจ้าง 3 รายการ : 1.ค่าซ่อมบัตร RFID 2.ค่าทดสอบเสื้อเกราะ 3.ค่าตรวจสอบเครื่องอัดอากาศช่วยหายใจในการดับเพลิง | F21: 31000 | G21: 0 | H21: =SUM(F21:G21) -> 31000 | I21: 31000 | J21: =I21-F21 -> 0 | K21: 0 | L21: =K21-G21 -> 0 | M21: =SUM(I21,K21) -> 31000
B22: 5031143000 | C22: ค่าตอบแทนบุคคลภายนอกอื่น ๆ | D22: ตร. ช่วยรักษาการณ์ ศปภ. | F22: 4341900 | G22: 0 | H22: =SUM(F22:G22) -> 4341900 | I22: 4341900 | J22: =I22-F22 -> 0 | K22: 0 | L22: =K22-G22 -> 0 | M22: =SUM(I22,K22) -> 4341900
A23: 30205 | B23: 5031214000 | C23: ค่าซ่อมแซมบำรุงฯ-อุปกรณ์,ระบบคอมพิวเตอร์ | D23: แบ่งเป็น 3 ส่วน ดังนี้ | F23: =SUM(F24:F26) -> 2414322 | G23: =SUM(G24:G26) -> 1621435 | H23: =SUM(F23:G23) -> 4035757 | I23: 2414500 | J23: =I23-F23 -> 178 | K23: =SUM(K24:K26) -> 1645600 | L23: =K23-G23 -> 24165 | M23: =SUM(I23,K23) -> 4060100
D24: 1. ค่าซ่อมบำรุง CCTV | F24: 2263050 | G24: 1131525 | H24: =SUM(F24:G24) -> 3394575 | I24: 2263100 | J24: =I24-F24 -> 50 | K24: 1131600 | L24: =K24-G24 -> 75 | M24: =SUM(I24,K24) -> 3394700 | N24: เพิ่ม : จากปัดเศษ
D25: 2. จ้างบริการบำรุงรักษาอุปกรณ์ Visitor Management (เครื่องอ่านบัตรประชาชน, เครื่องอ่าน Passport, เครื่องถ่ายรูปบัตร) | F25: 106412 | G25: 297952 | H25: =SUM(F25:G25) -> 404364 | I25: 106500 | J25: =I25-F25 -> 88 | K25: 298000 | L25: =K25-G25 -> 48 | M25: =SUM(I25,K25) -> 404500 | N25: เพิ่ม : จากปัดเศษ
D26: 3. จ้างบำรุงรักษาเครื่องพิมพ์บัตร Access Card ยี่ห้อ Datacard | F26: 44860 | G26: 191958 | H26: =SUM(F26:G26) -> 236818 | I26: 44900 | J26: =I26-F26 -> 40 | K26: 216000 | L26: =K26-G26 -> 24042 | M26: =SUM(I26,K26) -> 260900 | N26: เพิ่ม : งบปี 69 : จากปัดเศษ /งบผูกพัน : ธนาคารให้ปรับเพิ่มจากปี 69 ปีละ 15% ปัดเศษหลักร้อย
A27: 30206 | B27: 5031218000 | C27: ค่าวัสดุคอมพิวเตอร์ | D27: จัดหา 3 รายการ 1.บัตร Mifare 2.RFID 3.Access Card (บัตรพนักงาน) | F27: 147000 | G27: 0 | H27: =SUM(F27:G27) -> 147000 | I27: 147000 | J27: =I27-F27 -> 0 | K27: 0 | L27: =K27-G27 -> 0 | M27: =SUM(I27,K27) -> 147000 | N27: โอนงบให้ ฝทส. (การจัดซื้อ อนุมัติโดย ฝทส.)
B28: 5031219000 | C28: ค่าวัสดุทั่วไป (ผลอนุมัติ : งบวัสดุอื่นย้ายกลับมารวมวัสดุทั่วไป) | D28: จัดหา 2 ส่วน: 1.วัสดุในงานห้องบัตรและวัสดุส่วนกลาง 2.วัสดุเกี่ยวกับถังดับเพลิง และอาวุธปืน (อุปกรณ์ทำความสะอาด ซองปืน ฯลฯ) | F28: 305250 | G28: 0 | H28: =SUM(F28:G28) -> 305250 | I28: 305300 | J28: =I28-F28 -> 50 | K28: 0 | L28: =K28-G28 -> 0 | M28: =SUM(I28,K28) -> 305300 | N28: เพิ่ม : จากปัดเศษ
A29: 30207 | B29: 5031138000 | C29: ค่าใช้จ่ายในการจัดงานและพิธีต่าง ๆ | D29: จัดงาน Financial Crime Investigaion | F29: 150000 | G29: 0 | H29: =SUM(F29:G29) -> 150000 | I29: 150000 | J29: =I29-F29 -> 0 | K29: 0 | L29: =K29-G29 -> 0 | M29: =SUM(I29,K29) -> 150000
A30: 30208 | B30: 5031144000 | C30: ค่ารับรอง | D30: ค่ารับรองของ ผอ. /ค่ารับรองของ ศปภ. 5 แห่ง | F30: 80000 | G30: 0 | H30: =SUM(F30:G30) -> 80000 | I30: 80000 | J30: =I30-F30 -> 0 | K30: 0 | L30: =K30-G30 -> 0 | M30: =SUM(I30,K30) -> 80000
A31: 30209 | B31: 5031134000 | C31: ค่าใช้จ่ายเดินทาง | D31: ค่าเบี้ยเลี้ยง ที่พัก และพาหนะเดินทาง มี 4 ส่วน: 1.ศปภ.เยี่ยมครอบครัว 2. ผู้บริหาร ศปก. / ศอก. เดินทางไปภูมิภาค /หชป.เวียนงาน 3.ศปภ.โยกย้าย 4.งาน ศปส. | F31: 1597000 | G31: 0 | H31: =SUM(F31:G31) -> 1597000 | I31: 1597000 | J31: =I31-F31 -> 0 | K31: 0 | L31: =K31-G31 -> 0 | M31: =SUM(I31,K31) -> 1597000
A32: 30211 | B32: 5031107000 | C32: ค่าธรรมเนียมอื่น ๆ | D32: ค่าใช้จ่าย 5 รายการ: 1.ค่าความถี่และค่าต่ออายุวิทยุสื่อสาร 2.ใบอนุญาตยุทธภัณฑ์ 3. ค่าตรวจรังสี พนง.รปภ. 7 เครื่อง+14 คน 4.ค่าจัดสรรคลื่นความถี่วิทยุ 5.ใบอนุญาตครอบครองเครื่องกำเนิดรังสี | F32: 27000 | G32: 0 | H32: =SUM(F32:G32) -> 27000 | I32: 27000 | J32: =I32-F32 -> 0 | K32: 0 | L32: =K32-G32 -> 0 | M32: =SUM(I32,K32) -> 27000
A33: 30212 | B33: 5031118000 | C33: ค่าสิทธิการใช้โปรแกรมส่วนงาน จบ | D33: ใช้โปรแกรม Canva Pro 3 license | F33: 6600 | G33: 6600 | H33: =SUM(F33:G33) -> 13200 | I33: 6300 | J33: =I33-F33 -> -300 | K33: 6300 | L33: =K33-G33 -> -300 | M33: =SUM(I33,K33) -> 12600 | N33: ลด : เปลี่ยนเป็น Canva แบบTeam (เสนอ ผป.เป็น Canva บุคคล)
B34: 5031133000 | C34: ค่าสิทธิการใช้โปรแกรมส่วนกลาง | D34: ใช้โปรแกรม Adobe 1 license | F34: 23000 | G34: 23000 | H34: =SUM(F34:G34) -> 46000 | I34: 23000 | J34: =I34-F34 -> 0 | K34: 23000 | L34: =K34-G34 -> 0 | M34: =SUM(I34,K34) -> 46000 | N34: โอนงบให้ ฝทส. (การจัดซื้อ อนุมัติโดย ฝทส.)
A35: 30217 | B35: 5031131000 | C35: ค่าใช้จ่ายในการสืบสวนงานรักษาความปลอดภัย | D35: ใช้สืบสวนของ ทสส.1-2 | F35: 220000 | G35: 0 | H35: =SUM(F35:G35) -> 220000 | I35: 220000 | J35: =I35-F35 -> 0 | K35: 0 | L35: =K35-G35 -> 0 | M35: =SUM(I35,K35) -> 220000
A36: หมวด 80 : สินทรัพย์ถาวร | C36: ชื่อครุภัณฑ์ | D36: จำนวน (ธนาคารอนุมัติ) | E36: ฝ่าย/ศูนย์ฯ/ทีม ที่ขอตั้งงบ | F36: =SUM(F37:F55) -> 30259742 | G36: =SUM(G37:G55) -> 0 | H36: =SUM(F36:G36) -> 30259742 | I36: =SUM(I37:I55) -> 29633600 | J36: =SUM(J37:J55) -> 12742973 | K36: =SUM(K37:K55) -> 0 | L36: =SUM(L37:L55) -> 0 | M36: =SUM(I36,K36) -> 29633600 | O36: ROW ที่ (จาก sheet ผลพิ...)
A37: หมวด 11 | B37: 1800011028 | C37: เครื่องไมโครคอมพิวเตอร์ | D37: 1 | E37: ศอก. | F37: 38000 | G37: 0 | H37: =SUM(F37:G37) -> 38000 | I37: 38000 | J37: =I37-F37 -> 0 | K37: 0 | L37: =K37-G37 -> 0 | M37: =SUM(I37,K37) -> 38000 | O37: 85
B38: 1800011031 | C38: จอคอมพิวเตอร์ | D38: 1 | E38: ศอก. | F38: 8000 | G38: 0 | H38: =SUM(F38:G38) -> 8000 | I38: 8000 | J38: =I38-F38 -> 0 | K38: 0 | L38: =K38-G38 -> 0 | M38: =SUM(I38,K38) -> 8000 | O38: 86
A39: หมวด 16 | B39: 1800016008 | C39: เสื้อเกราะกันกระสุน | D39: 21 | E39: ศปภ. | F39: 678000 | G39: 0 | H39: =SUM(F39:G39) -> 678000 | I39: 678000 | J39: =I39-F39 -> 0 | K39: 0 | L39: =K39-G39 -> 0 | M39: =SUM(I39,K39) -> 678000 | O39: 96
A40: หมวด 14 | B40: 1800014095 | C40: ปลาดาว (sound station) | D40: 1 | E40: ประจำฝ่าย (ห้องประชุม 113) | F40: 22000 | G40: 0 | H40: =SUM(F40:G40) -> 22000 | I40: 11000 | J40: =I40-F40 -> -11000 | K40: 0 | L40: =K40-G40 -> 0 | M40: =SUM(I40,K40) -> 11000 | N40: ลด : 1 ตัว ตามที่ประชุมกับ ฝยว. แล้ว | O40: 93
B41: 1800014020 | C41: เครื่องขยายเสียง โทรโข่ง (Megaphone) | D41: 4 (แบบสายสะพาย 3 / แบบคาดเอว 1) | E41: ทญศ. | F41: 23000 | G41: 0 | H41: =SUM(F41:G41) -> 23000 | I41: 23000 | J41: =I41-F41 -> 0 | K41: 0 | L41: =K41-G41 -> 0 | M41: =SUM(I41,K41) -> 23000 | O41: 90
A42: หมวด 25 | B42: 1800025016 | C42: รถจักรยานยนต์ | D42: 1 | E42: ทญศ. | F42: 120000 | G42: 0 | H42: =SUM(F42:G42) -> 120000 | I42: 112000 | J42: =I42-F42 -> -8000 | K42: 0 | L42: =K42-G42 -> 0 | M42: =SUM(I42,K42) -> 112000 | N42: ลดแต่ได้ตามขอ : ยังซื้อได้ตามราคาตลาด (ราคาตลาด ณ เสนอ ผป. 103,000.- /ราคาตลาดปัจจุบัน 107,500 บาท) | O42: 99
A43: หมวด 9 | B43: 1800009004 | C43: เครื่องตรวจจับโลหะชนิดประตูเดินผ่าน (walk through) | D43: 1 | E43: ทญศ. | F43: 310000 | G43: 0 | H43: =SUM(F43:G43) -> 310000 | I43: 310000 | J43: =I43-F43 -> 0 | K43: 0 | L43: =K43-G43 -> 0 | M43: =SUM(I43,K43) -> 310000 | O43: 102
B44: 1800009031 | C44: วิทยุสื่อสาร (walkie Talkie) | D44: 7 | E44: ทญศ. | F44: 56000 | G44: 0 | H44: =SUM(F44:G44) -> 56000 | I44: 56000 | J44: =I44-F44 -> 0 | K44: 0 | L44: =K44-G44 -> 0 | M44: =SUM(I44,K44) -> 56000
B45: 1800009007 | C45: เครื่อง X-Ray | D45: 1 | E45: ฝจอ. ปี68 | F45: 0 | G45: 0 | H45: =SUM(F45:G45) -> 0 | I45: 1765500 | J45: =I45-F45 -> 1765500 | K45: 0 | L45: =K45-G45 -> 0 | M45: =SUM(I45,K45) -> 1765500 | N45: เพิ่ม : ยกงบปี 68 มาจ่ายปี 69 | O45: 106
B46: 2802509002 | C46: งานติดตั้งระบบกล้องวงจรปิด CCTV วังบางขุนพรหม วังเทเวศร์ อาคาร 6 | D46: 1 | E46: ฝจอ. ปี68 | F46: 0 | G46: 0 | H46: =SUM(F46:G46) -> 0 | I46: 4651200 | J46: =I46-F46 -> 4651200 | K46: 0 | L46: =K46-G46 -> 0 | M46: =SUM(I46,K46) -> 4651200 | O46: 116
B47: 2802509003 | C47: งานติดตั้งระบบกล้องวงจรปิด CCTV ห้องประชุมส่วนกลางอาคาร 1, 2, 7 | D47: 1 | E47: ฝจอ. ปี68 | F47: 0 | G47: 0 | H47: =SUM(F47:G47) -> 0 | I47: 1190000 | J47: =I47-F47 -> 1190000 | K47: 0 | L47: =K47-G47 -> 0 | M47: =SUM(I47,K47) -> 1190000 | O47: 118
B48: 1800009016 | C48: ระบบกล้อง CCTV แบบ IP Camera PTZ | D48: 10 | E48: ฝจอ. ปี69 | F48: 1765500 | G48: 0 | H48: =SUM(F48:G48) -> 1765500 | I48: 1765500 | J48: =I48-F48 -> 0 | K48: 0 | L48: =K48-G48 -> 0 | M48: =SUM(I48,K48) -> 1765500
B49: 2802609005 | C49: ระบบตรวจใต้ท้องรถยนต์ (UVSS) | D49: 1 | E49: ฝจอ. ปี69 | F49: 3902397 | G49: 0 | H49: =SUM(F49:G49) -> 3902397 | I49: 3902400 | J49: =I49-F49 -> 3 | K49: 0 | L49: =K49-G49 -> 0 | M49: =SUM(I49,K49) -> 3902400 | N49: เพิ่ม : จากปัดเศษ /ทดแทนที่ประตู ต4 (ใต้สะพานพระราม 8) | O49: 122
B50: 1800009013 | C50: เครื่องควบคุมการผ่านเข้า-ออกรถยนต์ (ไม้กั้น) | D50: 8 | E50: ฝจอ. ปี69 | F50: 1753730 | G50: 0 | H50: =SUM(F50:G50) -> 1753730 | I50: 1753800 | J50: =I50-F50 -> 70 | K50: 0 | L50: คต | M50: =SUM(I50,K50) -> 1753800 | N50: เพิ่ม : จากปัดเศษ
B51: 2802609007 | C51: เครื่องควบคุมการเปิด-ปิด (Access Control System) | D51: 1 | E51: ฝจอ. ปี69 | F51: 0 | G51: 0 | H51: =SUM(F51:G51) -> 0 | I51: 13369200 | J51: =I51-F51 -> 13369200 | K51: 0 | L51: =K51-G51 -> 0 | M51: =SUM(I51,K51) -> 13369200 | N51: ได้รับการอนุมัติงบแต่เปลี่ยนรหัสงบให้ถูกต้อง: 1.เดิมตั้งรหัสงบฯ 1800009011 สินทรัพย์ที่ซื้อมาเป็นชิ้นๆ ได้รับแล้วใช้ได้เลย 2.ผลการอนุมัติให้ตั้งรหัสงบฯ 2802609007 เป็นสินทรัพย์ระหว่างทำ (ถือเป็นงานติดตั้ง ใช้เวลาดำเนินการ และมีมูลค่าสูง) | O51: 108
B52: 1800009011 | C52: เครื่องควบคุมการเปิด-ปิด (Access Control System) | F52: 13369115 | G52: 0 | H52: =SUM(F52:G52) -> 13369115 | I52: 0 | J52: 0 | K52: 0 | L52: =K52-G52 -> 0 | M52: =SUM(I52,K52) -> 0 | O52: 125
B53: 2802609004 | C53: ระบบห้องควบคุม ฝรภ. อาคาร ศรร. | D53: - (แผนงาน) | E53: ฝจอ. ปี69 | F53: 1784000 | G53: 0 | H53: =SUM(F53:G53) -> 1784000 | I53: 0 | J53: =I53-F53 -> -1784000 | K53: 0 | L53: =K53-G53 -> 0 | M53: =SUM(I53,K53) -> 0 | N53: ไม่ให้ตั้งงบฯ : ภาพรวมการปรับปรุงระบบ รภป. ธปท. และแผนการดำเนินการยังไม่ชัดเจน | O53: 120
B54: 2802609006 | C54: ระบบคัดกรองบุคคลหรือรถยนต์เข้า-ออก สนญ. | D54: - (แผนงาน) | E54: ศอก. | F54: 6400000 | G54: 0 | H54: =SUM(F54:G54) -> 6400000 | I54: 0 | J54: =I54-F54 -> -6400000 | K54: 0 | L54: =K54-G54 -> 0 | M54: =SUM(I54,K54) -> 0 | O54: 124
B55: 1800009005 | C55: เครื่องตรวจจับวัตถุและโลหะแบบมือถือ (handheld) | D55: 2 | E55: ทญศ. | F55: 30000 | G55: 0 | H55: =SUM(F55:G55) -> 30000 | I55: 0 | J55: =I55-F55 -> -30000 | K55: 0 | L55: =K55-G55 -> 0 | M55: =SUM(I55,K55) -> 0 | N55: ไม่ให้ตั้งงบฯ : ถัวงบปี 68 ซื้อแล้ว | O55: 104
A56: รวมงบประมาณรายจ่ายทั้งสิ้น | F56: =SUM(F36,F11) -> 109818164 | G56: =SUM(G36,G11) -> 111231035 | H56: =SUM(H36,H11) -> 221049199 | I56: =SUM(I36,I11) -> 110090100 | J56: =SUM(J36,J11) -> 13811051 | K56: =SUM(K36,K11) -> 65511900 | L56: =SUM(L36,L11) -> -45696135 | M56: =SUM(M36,M11) -> 175602000

Sheet Dataผลพิปี69
A1: สรุปรายละเอียดผลการพิจารณางบประมาณรายจ่าย ประจำปี 2569 (แยกรายหน่วยงานฯ)
A2: F103800: ฝ่ายรักษาความปลอดภัย
A3: งบประมาณ: งบส่วนงาน
A5: กลุ่มงบประมาณ (Superior CI) /กลุ่มครุภัณฑ์ | B5: รหัส งบประมาณ (CI) | C5: ชื่อกลุ่มงบประมาณ / ชื่องบประมาณ | D5: รหัส WBS | E5: Fund Center | F5: หน่วยงานที่ขอตั้ง งปม. | G5: คำขอ | T5: ผลการพิจารณา
G6: คำขอปี 2569 | I6: คำขอปี 2570 | K6: คำขอปี 2571 | M6: คำขอปี 2572 | O6: คำขอปี 2573 | Q6: คำขอปี 2574 - สิ้นสุด | S6: เหตุผลคำขอ | T6: ผลการพิจารณาปี 2569 | V6: ผลการพิจารณาปี 2570 | X6: ผลการพิจารณาปี 2571 | Z6: ผลการพิจารณาปี 2572 | AB6: ผลการพิจารณาปี 2573 | AD6: ผลการพิจารณาปี 2574 - สิ้นสุด | AF6: หมายเหตุ
D7: Element | G7: หน่วย | H7: จำนวนเงิน | I7: หน่วย | J7: จำนวนเงิน | K7: หน่วย | L7: จำนวนเงิน | M7: หน่วย | N7: จำนวนเงิน | O7: หน่วย | P7: จำนวนเงิน | Q7: หน่วย | R7: จำนวนเงิน | T7: หน่วย | U7: จำนวนเงิน | V7: หน่วย | W7: จำนวนเงิน | X7: หน่วย | Y7: จำนวนเงิน | Z7: หน่วย | AA7: จำนวนเงิน | AB7: หน่วย | AC7: จำนวนเงิน | AD7: หน่วย | AE7: จำนวนเงิน
A8: รวมงบประมาณรายจ่ายดำเนินงาน | H8: 79558422 | J8: 111231035 | L8: 0 | N8: 0 | P8: 0 | R8: 0 | U8: 6942400 | W8: 65511900 | Y8: 0 | AA8: 0 | AC8: 0 | AE8: 0
A9: หมวด 1 : ค่าใช้จ่ายเกี่ยวกับพนักงาน | H9: 14725350 | J9: 0 | L9: 0 | N9: 0 | P9: 0 | R9: 0 | U9: 15793500 | W9: 0 | Y9: 0 | AA9: 0 | AC9: 0 | AE9: 0
A10: 30102 | C10: ค่าตอบแทนการทำงานนอกเวลา | H10: 5950000 | J10: 0 | L10: 0 | N10: 0 | P10: 0 | R10: 0 | U10: 5950000 | W10: 0 | Y10: 0 | AA10: 0 | AC10: 0 | AE10: 0
B11: 5020102000 | C11: ค่าล่วงเวลาและค่าตอบแทนการทำงานเกินเวลา | H11: 50000 | J11: 0 | L11: 0 | N11: 0 | P11: 0 | R11: 0 | U11: 50000 | W11: 0 | Y11: 0 | AA11: 0 | AC11: 0 | AE11: 0
E12: F103800 | F12: 103801: ฝรภ.ศูนย์ปฏิบัติการรักษาความปลอดภัย | H12: 50000 | J12: 0 | L12: 0 | N12: 0 | P12: 0 | R12: 0 | S12: ตั้งสำรองลดลง ตามสถานการณ์ปัจจุบัน | U12: 50000 | W12: 0 | Y12: 0 | AA12: 0 | AC12: 0 | AE12: 0
B13: 5020104000 | C13: เงินช่วยเหลือพิเศษ | H13: 5900000 | J13: 0 | L13: 0 | N13: 0 | P13: 0 | R13: 0 | U13: 5900000 | W13: 0 | Y13: 0 | AA13: 0 | AC13: 0 | AE13: 0
E14: F103800 | F14: 103801: ฝรภ.ศูนย์ปฏิบัติการรักษาความปลอดภัย | H14: 5900000 | J14: 0 | L14: 0 | N14: 0 | P14: 0 | R14: 0 | S14: - ใช้ คชจ.ต่อคนต่อเดือน ของปี 67 ทั้งปี * จำนวนคน ปี 68 (103 คน) - ปี 69 ตั้งงบฯ 6 ลบ. (เฉลี่ยต่อคน 4,700 * 103 คน * 12 เดือน) (ปีที่ผ่านมาตั้งค่อนข้าง under estimate ไม่รองรับ พนง. ที่รับเข้ามาใหม่ระหว่างปี และปี 69 ตั้งรองรับ พนง. ใหม่แล้ว) | U14: 5900000 | W14: 0 | Y14: 0 | AA14: 0 | AC14: 0 | AE14: 0
A15: 30106 | C15: เงินช่วยเหลืออื่น ๆ | H15: 6650000 | J15: 0 | L15: 0 | N15: 0 | P15: 0 | R15: 0 | U15: 7698100 | W15: 0 | Y15: 0 | AA15: 0 | AC15: 0 | AE15: 0
B16: 5020305000 | C16: เงินช่วยเหลืออื่น ๆ | H16: 6650000 | J16: 0 | L16: 0 | N16: 0 | P16: 0 | R16: 0 | U16: 7698100 | W16: 0 | Y16: 0 | AA16: 0 | AC16: 0 | AE16: 0
E17: F103800 | F17: 103801: ฝรภ.ศูนย์ปฏิบัติการรักษาความปลอดภัย | H17: 6650000 | J17: 0 | L17: 0 | N17: 0 | P17: 0 | R17: 0 | S17: เพิ่มขึ้นเล็กน้อย เพื่อรองรับผลจากการปรับเกณฑ์โยกย้าย / ลาออก / IJM | U17: 6650000 | W17: 0 | Y17: 0 | AA17: 0 | AC17: 0 | AE17: 0
E18: F103800 | F18: 103800: ฝ.รักษาความปลอดภัย | H18: 0 | J18: 0 | L18: 0 | N18: 0 | P18: 0 | R18: 0 | U18: 1048100 | W18: 0 | Y18: 0 | AA18: 0 | AC18: 0 | AE18: 0 | AF18: เพิ่มคำขอ# ให้ตั้งงบประมาณจำนวน 1,048,100 บาท รองรับการปรับหลักเกณฑ์ อัตรา และกระบวนการทำงาน RIA/Lean ในเรื่อง การไปปฏิบัติงานในประเทศและต่างประเทศ และการเดินทางไปในงาน ธปท.
A19: 30107 | C19: ค่าใช้จ่ายสวัสดิการอื่น ๆ | H19: 457850 | J19: 0 | L19: 0 | N19: 0 | P19: 0 | R19: 0 | U19: 457900 | W19: 0 | Y19: 0 | AA19: 0 | AC19: 0 | AE19: 0
B20: 5020304000 | C20: ค่าเสื้อผ้าและเครื่องแบบ | H20: 457850 | J20: 0 | L20: 0 | N20: 0 | P20: 0 | R20: 0 | U20: 457900 | W20: 0 | Y20: 0 | AA20: 0 | AC20: 0 | AE20: 0
E21: F103800 | F21: 103801: ฝรภ.ศูนย์ปฏิบัติการรักษาความปลอดภัย | H21: 457850 | J21: 0 | L21: 0 | N21: 0 | P21: 0 | R21: 0 | S21: ปี 69 จัดหาให้ พนง. ไม่เกิน 2 ชุด เพื่อให้เป็นไปตามแนวเดียวกันกับฝ่ายอื่นของ ธปท. (เนื่องจากการเปลี่ยนแปลงการจ่ายภาษีของกรมสรรพากร) โดย กบฝ. ให้จัดหาชุดปฏิบัติการและชุดพิธีการ (ระเบียบฯ 33/58) / นอกจากนี้ ชุดประเภทอื่นๆ ยังไม่ถึงวงรอบการจ่าย | U21: 457900 | W21: 0 | Y21: 0 | AA21: 0 | AC21: 0 | AE21: 0
A22: 30108 | C22: ค่าใช้จ่ายเพื่อส่งเสริมความสัมพันธ์พนักงาน | H22: 145000 | J22: 0 | L22: 0 | N22: 0 | P22: 0 | R22: 0 | U22: 165000 | W22: 0 | Y22: 0 | AA22: 0 | AC22: 0 | AE22: 0
B23: 5020306000 | C23: คชจ.กิจกรรมส่งเสริมค่านิยมร่วมขององค์กร | H23: 145000 | J23: 0 | L23: 0 | N23: 0 | P23: 0 | R23: 0 | U23: 165000 | W23: 0 | Y23: 0 | AA23: 0 | AC23: 0 | AE23: 0
E24: F103800 | F24: 103800: ฝ.รักษาความปลอดภัย | H24: 145000 | J24: 0 | L24: 0 | N24: 0 | P24: 0 | R24: 0 | S24: Active Headcount ฝรภ. 145 คน | U24: 165000 | W24: 0 | Y24: 0 | AA24: 0 | AC24: 0 | AE24: 0 | AF24: ให้ตั้งงบประมาณ ตามข้อมูลอัตรากำลัง จำนวน 165 อัตรา ๆ ละ 1,000 บาท รวม 165,000 บาท
A25: 30109 | C25: ค่าใช้จ่ายเพื่อส่งเสริมศักยภาพพนักงาน | H25: 1522500 | J25: 0 | L25: 0 | N25: 0 | P25: 0 | R25: 0 | U25: 1522500 | W25: 0 | Y25: 0 | AA25: 0 | AC25: 0 | AE25: 0
B26: 5020402000 | C26: ค่าฝึกอบรมและพัฒนาพนักงานส่วนงาน | H26: 1522500 | J26: 0 | L26: 0 | N26: 0 | P26: 0 | R26: 0 | U26: 1522500 | W26: 0 | Y26: 0 | AA26: 0 | AC26: 0 | AE26: 0
